Date,Year,RangeID,RaceID,Race,Range,Percent
1967-01-01,1967,1,1,BLACK ALONE,< 15K,28.7
1967-01-01,1967,2,1,BLACK ALONE,[15 - 25K),17.8
1967-01-01,1967,3,1,BLACK ALONE,[25 - 35K),15.9
1967-01-01,1967,4,1,BLACK ALONE,[35 - 50K),16.1
1967-01-01,1967,5,1,BLACK ALONE,[50 - 75K),13.8
1967-01-01,1967,6,1,BLACK ALONE,[75 - 100K),4.6
1967-01-01,1967,7,1,BLACK ALONE,[100 - 150K),2.3
1967-01-01,1967,8,1,BLACK ALONE,[150 - 200K),0.5
1967-01-01,1967,9,1,BLACK ALONE,>= 200K,0.2
1968-01-01,1968,1,1,BLACK ALONE,< 15K,25.9
1968-01-01,1968,2,1,BLACK ALONE,[15 - 25K),18.4
1968-01-01,1968,3,1,BLACK ALONE,[25 - 35K),15.4
1968-01-01,1968,4,1,BLACK ALONE,[35 - 50K),17
1968-01-01,1968,5,1,BLACK ALONE,[50 - 75K),14.8
1968-01-01,1968,6,1,BLACK ALONE,[75 - 100K),5.6
1968-01-01,1968,7,1,BLACK ALONE,[100 - 150K),2.5
1968-01-01,1968,8,1,BLACK ALONE,[150 - 200K),0.3
1968-01-01,1968,9,1,BLACK ALONE,>= 200K,0.1
1969-01-01,1969,1,1,BLACK ALONE,< 15K,25.2
1969-01-01,1969,2,1,BLACK ALONE,[15 - 25K),17.3
1969-01-01,1969,3,1,BLACK ALONE,[25 - 35K),15.1
1969-01-01,1969,4,1,BLACK ALONE,[35 - 50K),17.1
1969-01-01,1969,5,1,BLACK ALONE,[50 - 75K),15.9
1969-01-01,1969,6,1,BLACK ALONE,[75 - 100K),6.1
1969-01-01,1969,7,1,BLACK ALONE,[100 - 150K),2.9
1969-01-01,1969,8,1,BLACK ALONE,[150 - 200K),0.4
1969-01-01,1969,9,1,BLACK ALONE,>= 200K,0.1
1970-01-01,1970,1,1,BLACK ALONE,< 15K,26
1970-01-01,1970,2,1,BLACK ALONE,[15 - 25K),16.2
1970-01-01,1970,3,1,BLACK ALONE,[25 - 35K),14.6
1970-01-01,1970,4,1,BLACK ALONE,[35 - 50K),16.6
1970-01-01,1970,5,1,BLACK ALONE,[50 - 75K),16
1970-01-01,1970,6,1,BLACK ALONE,[75 - 100K),6.7
1970-01-01,1970,7,1,BLACK ALONE,[100 - 150K),3.3
1970-01-01,1970,8,1,BLACK ALONE,[150 - 200K),0.4
1970-01-01,1970,9,1,BLACK ALONE,>= 200K,0.2
1971-01-01,1971,1,1,BLACK ALONE,< 15K,26.5
1971-01-01,1971,2,1,BLACK ALONE,[15 - 25K),16.8
1971-01-01,1971,3,1,BLACK ALONE,[25 - 35K),14.3
1971-01-01,1971,4,1,BLACK ALONE,[35 - 50K),16.7
1971-01-01,1971,5,1,BLACK ALONE,[50 - 75K),16
1971-01-01,1971,6,1,BLACK ALONE,[75 - 100K),6
1971-01-01,1971,7,1,BLACK ALONE,[100 - 150K),3.2
1971-01-01,1971,8,1,BLACK ALONE,[150 - 200K),0.4
1971-01-01,1971,9,1,BLACK ALONE,>= 200K,0.2
1972-01-01,1972,1,1,BLACK ALONE,< 15K,25.3
1972-01-01,1972,2,1,BLACK ALONE,[15 - 25K),16.9
1972-01-01,1972,3,1,BLACK ALONE,[25 - 35K),13.6
1972-01-01,1972,4,1,BLACK ALONE,[35 - 50K),16.5
1972-01-01,1972,5,1,BLACK ALONE,[50 - 75K),15.5
1972-01-01,1972,6,1,BLACK ALONE,[75 - 100K),8
1972-01-01,1972,7,1,BLACK ALONE,[100 - 150K),3.3
1972-01-01,1972,8,1,BLACK ALONE,[150 - 200K),0.5
1972-01-01,1972,9,1,BLACK ALONE,>= 200K,0.4
1973-01-01,1973,1,1,BLACK ALONE,< 15K,23.8
1973-01-01,1973,2,1,BLACK ALONE,[15 - 25K),17.4
1973-01-01,1973,3,1,BLACK ALONE,[25 - 35K),13.3
1973-01-01,1973,4,1,BLACK ALONE,[35 - 50K),16
1973-01-01,1973,5,1,BLACK ALONE,[50 - 75K),17.4
1973-01-01,1973,6,1,BLACK ALONE,[75 - 100K),7.1
1973-01-01,1973,7,1,BLACK ALONE,[100 - 150K),4
1973-01-01,1973,8,1,BLACK ALONE,[150 - 200K),0.7
1973-01-01,1973,9,1,BLACK ALONE,>= 200K,0.3
1974-01-01,1974,1,1,BLACK ALONE,< 15K,24.9
1974-01-01,1974,2,1,BLACK ALONE,[15 - 25K),16.6
1974-01-01,1974,3,1,BLACK ALONE,[25 - 35K),14.3
1974-01-01,1974,4,1,BLACK ALONE,[35 - 50K),16.4
1974-01-01,1974,5,1,BLACK ALONE,[50 - 75K),16.2
1974-01-01,1974,6,1,BLACK ALONE,[75 - 100K),7.4
1974-01-01,1974,7,1,BLACK ALONE,[100 - 150K),3.5
1974-01-01,1974,8,1,BLACK ALONE,[150 - 200K),0.4
1974-01-01,1974,9,1,BLACK ALONE,>= 200K,0.1
1975-01-01,1975,1,1,BLACK ALONE,< 15K,26.3
1975-01-01,1975,2,1,BLACK ALONE,[15 - 25K),17.7
1975-01-01,1975,3,1,BLACK ALONE,[25 - 35K),12.6
1975-01-01,1975,4,1,BLACK ALONE,[35 - 50K),16.5
1975-01-01,1975,5,1,BLACK ALONE,[50 - 75K),15.8
1975-01-01,1975,6,1,BLACK ALONE,[75 - 100K),7.1
1975-01-01,1975,7,1,BLACK ALONE,[100 - 150K),3.6
1975-01-01,1975,8,1,BLACK ALONE,[150 - 200K),0.5
1975-01-01,1975,9,1,BLACK ALONE,>= 200K,0.1
1976-01-01,1976,1,1,BLACK ALONE,< 15K,25.2
1976-01-01,1976,2,1,BLACK ALONE,[15 - 25K),17.6
1976-01-01,1976,3,1,BLACK ALONE,[25 - 35K),13.1
1976-01-01,1976,4,1,BLACK ALONE,[35 - 50K),15.1
1976-01-01,1976,5,1,BLACK ALONE,[50 - 75K),17
1976-01-01,1976,6,1,BLACK ALONE,[75 - 100K),7.3
1976-01-01,1976,7,1,BLACK ALONE,[100 - 150K),3.9
1976-01-01,1976,8,1,BLACK ALONE,[150 - 200K),0.5
1976-01-01,1976,9,1,BLACK ALONE,>= 200K,0.2
1977-01-01,1977,1,1,BLACK ALONE,< 15K,24.7
1977-01-01,1977,2,1,BLACK ALONE,[15 - 25K),18.1
1977-01-01,1977,3,1,BLACK ALONE,[25 - 35K),13.8
1977-01-01,1977,4,1,BLACK ALONE,[35 - 50K),14.9
1977-01-01,1977,5,1,BLACK ALONE,[50 - 75K),16.2
1977-01-01,1977,6,1,BLACK ALONE,[75 - 100K),7
1977-01-01,1977,7,1,BLACK ALONE,[100 - 150K),4.4
1977-01-01,1977,8,1,BLACK ALONE,[150 - 200K),0.6
1977-01-01,1977,9,1,BLACK ALONE,>= 200K,0.3
1978-01-01,1978,1,1,BLACK ALONE,< 15K,25.5
1978-01-01,1978,2,1,BLACK ALONE,[15 - 25K),15.8
1978-01-01,1978,3,1,BLACK ALONE,[25 - 35K),13
1978-01-01,1978,4,1,BLACK ALONE,[35 - 50K),14.6
1978-01-01,1978,5,1,BLACK ALONE,[50 - 75K),17.1
1978-01-01,1978,6,1,BLACK ALONE,[75 - 100K),7.9
1978-01-01,1978,7,1,BLACK ALONE,[100 - 150K),5.3
1978-01-01,1978,8,1,BLACK ALONE,[150 - 200K),0.8
1978-01-01,1978,9,1,BLACK ALONE,>= 200K,0.1
1979-01-01,1979,1,1,BLACK ALONE,< 15K,25.1
1979-01-01,1979,2,1,BLACK ALONE,[15 - 25K),17.2
1979-01-01,1979,3,1,BLACK ALONE,[25 - 35K),13.2
1979-01-01,1979,4,1,BLACK ALONE,[35 - 50K),14.3
1979-01-01,1979,5,1,BLACK ALONE,[50 - 75K),16.1
1979-01-01,1979,6,1,BLACK ALONE,[75 - 100K),8.5
1979-01-01,1979,7,1,BLACK ALONE,[100 - 150K),4.9
1979-01-01,1979,8,1,BLACK ALONE,[150 - 200K),0.7
1979-01-01,1979,9,1,BLACK ALONE,>= 200K,0.2
1980-01-01,1980,1,1,BLACK ALONE,< 15K,26.8
1980-01-01,1980,2,1,BLACK ALONE,[15 - 25K),17
1980-01-01,1980,3,1,BLACK ALONE,[25 - 35K),12.9
1980-01-01,1980,4,1,BLACK ALONE,[35 - 50K),14.3
1980-01-01,1980,5,1,BLACK ALONE,[50 - 75K),15.9
1980-01-01,1980,6,1,BLACK ALONE,[75 - 100K),7.6
1980-01-01,1980,7,1,BLACK ALONE,[100 - 150K),4.7
1980-01-01,1980,8,1,BLACK ALONE,[150 - 200K),0.6
1980-01-01,1980,9,1,BLACK ALONE,>= 200K,0.2
1981-01-01,1981,1,1,BLACK ALONE,< 15K,28.3
1981-01-01,1981,2,1,BLACK ALONE,[15 - 25K),16.4
1981-01-01,1981,3,1,BLACK ALONE,[25 - 35K),13.7
1981-01-01,1981,4,1,BLACK ALONE,[35 - 50K),14.1
1981-01-01,1981,5,1,BLACK ALONE,[50 - 75K),15.3
1981-01-01,1981,6,1,BLACK ALONE,[75 - 100K),7.2
1981-01-01,1981,7,1,BLACK ALONE,[100 - 150K),4.4
1981-01-01,1981,8,1,BLACK ALONE,[150 - 200K),0.6
1981-01-01,1981,9,1,BLACK ALONE,>= 200K,0.1
1982-01-01,1982,1,1,BLACK ALONE,< 15K,28.4
1982-01-01,1982,2,1,BLACK ALONE,[15 - 25K),16.4
1982-01-01,1982,3,1,BLACK ALONE,[25 - 35K),13.1
1982-01-01,1982,4,1,BLACK ALONE,[35 - 50K),14.2
1982-01-01,1982,5,1,BLACK ALONE,[50 - 75K),16
1982-01-01,1982,6,1,BLACK ALONE,[75 - 100K),7.5
1982-01-01,1982,7,1,BLACK ALONE,[100 - 150K),3.6
1982-01-01,1982,8,1,BLACK ALONE,[150 - 200K),0.5
1982-01-01,1982,9,1,BLACK ALONE,>= 200K,0.3
1983-01-01,1983,1,1,BLACK ALONE,< 15K,28.8
1983-01-01,1983,2,1,BLACK ALONE,[15 - 25K),15.8
1983-01-01,1983,3,1,BLACK ALONE,[25 - 35K),13.7
1983-01-01,1983,4,1,BLACK ALONE,[35 - 50K),13.9
1983-01-01,1983,5,1,BLACK ALONE,[50 - 75K),14.7
1983-01-01,1983,6,1,BLACK ALONE,[75 - 100K),7.3
1983-01-01,1983,7,1,BLACK ALONE,[100 - 150K),4.9
1983-01-01,1983,8,1,BLACK ALONE,[150 - 200K),0.7
1983-01-01,1983,9,1,BLACK ALONE,>= 200K,0.2
1984-01-01,1984,1,1,BLACK ALONE,< 15K,27.2
1984-01-01,1984,2,1,BLACK ALONE,[15 - 25K),16.8
1984-01-01,1984,3,1,BLACK ALONE,[25 - 35K),12.8
1984-01-01,1984,4,1,BLACK ALONE,[35 - 50K),14.4
1984-01-01,1984,5,1,BLACK ALONE,[50 - 75K),14.8
1984-01-01,1984,6,1,BLACK ALONE,[75 - 100K),7.4
1984-01-01,1984,7,1,BLACK ALONE,[100 - 150K),5.3
1984-01-01,1984,8,1,BLACK ALONE,[150 - 200K),1
1984-01-01,1984,9,1,BLACK ALONE,>= 200K,0.3
1985-01-01,1985,1,1,BLACK ALONE,< 15K,26.9
1985-01-01,1985,2,1,BLACK ALONE,[15 - 25K),15.2
1985-01-01,1985,3,1,BLACK ALONE,[25 - 35K),12.7
1985-01-01,1985,4,1,BLACK ALONE,[35 - 50K),14.3
1985-01-01,1985,5,1,BLACK ALONE,[50 - 75K),15.7
1985-01-01,1985,6,1,BLACK ALONE,[75 - 100K),8.1
1985-01-01,1985,7,1,BLACK ALONE,[100 - 150K),5.6
1985-01-01,1985,8,1,BLACK ALONE,[150 - 200K),1.1
1985-01-01,1985,9,1,BLACK ALONE,>= 200K,0.3
1986-01-01,1986,1,1,BLACK ALONE,< 15K,27.5
1986-01-01,1986,2,1,BLACK ALONE,[15 - 25K),14.2
1986-01-01,1986,3,1,BLACK ALONE,[25 - 35K),12.6
1986-01-01,1986,4,1,BLACK ALONE,[35 - 50K),13.8
1986-01-01,1986,5,1,BLACK ALONE,[50 - 75K),15.8
1986-01-01,1986,6,1,BLACK ALONE,[75 - 100K),8.6
1986-01-01,1986,7,1,BLACK ALONE,[100 - 150K),5.6
1986-01-01,1986,8,1,BLACK ALONE,[150 - 200K),1.4
1986-01-01,1986,9,1,BLACK ALONE,>= 200K,0.5
1987-01-01,1987,1,1,BLACK ALONE,< 15K,27.5
1987-01-01,1987,2,1,BLACK ALONE,[15 - 25K),14.8
1987-01-01,1987,3,1,BLACK ALONE,[25 - 35K),11.9
1987-01-01,1987,4,1,BLACK ALONE,[35 - 50K),14.8
1987-01-01,1987,5,1,BLACK ALONE,[50 - 75K),14.8
1987-01-01,1987,6,1,BLACK ALONE,[75 - 100K),8.1
1987-01-01,1987,7,1,BLACK ALONE,[100 - 150K),6
1987-01-01,1987,8,1,BLACK ALONE,[150 - 200K),1.3
1987-01-01,1987,9,1,BLACK ALONE,>= 200K,0.8
1988-01-01,1988,1,1,BLACK ALONE,< 15K,27.1
1988-01-01,1988,2,1,BLACK ALONE,[15 - 25K),14.9
1988-01-01,1988,3,1,BLACK ALONE,[25 - 35K),11.2
1988-01-01,1988,4,1,BLACK ALONE,[35 - 50K),14.6
1988-01-01,1988,5,1,BLACK ALONE,[50 - 75K),14.4
1988-01-01,1988,6,1,BLACK ALONE,[75 - 100K),8.9
1988-01-01,1988,7,1,BLACK ALONE,[100 - 150K),6.6
1988-01-01,1988,8,1,BLACK ALONE,[150 - 200K),1.6
1988-01-01,1988,9,1,BLACK ALONE,>= 200K,0.8
1989-01-01,1989,1,1,BLACK ALONE,< 15K,26.2
1989-01-01,1989,2,1,BLACK ALONE,[15 - 25K),14
1989-01-01,1989,3,1,BLACK ALONE,[25 - 35K),11.2
1989-01-01,1989,4,1,BLACK ALONE,[35 - 50K),14.5
1989-01-01,1989,5,1,BLACK ALONE,[50 - 75K),16.3
1989-01-01,1989,6,1,BLACK ALONE,[75 - 100K),8.3
1989-01-01,1989,7,1,BLACK ALONE,[100 - 150K),7.3
1989-01-01,1989,8,1,BLACK ALONE,[150 - 200K),1.8
1989-01-01,1989,9,1,BLACK ALONE,>= 200K,0.6
1990-01-01,1990,1,1,BLACK ALONE,< 15K,26.5
1990-01-01,1990,2,1,BLACK ALONE,[15 - 25K),14.4
1990-01-01,1990,3,1,BLACK ALONE,[25 - 35K),11
1990-01-01,1990,4,1,BLACK ALONE,[35 - 50K),14.4
1990-01-01,1990,5,1,BLACK ALONE,[50 - 75K),16.4
1990-01-01,1990,6,1,BLACK ALONE,[75 - 100K),8.8
1990-01-01,1990,7,1,BLACK ALONE,[100 - 150K),6.3
1990-01-01,1990,8,1,BLACK ALONE,[150 - 200K),1.6
1990-01-01,1990,9,1,BLACK ALONE,>= 200K,0.7
1991-01-01,1991,1,1,BLACK ALONE,< 15K,27.6
1991-01-01,1991,2,1,BLACK ALONE,[15 - 25K),13.9
1991-01-01,1991,3,1,BLACK ALONE,[25 - 35K),11.7
1991-01-01,1991,4,1,BLACK ALONE,[35 - 50K),13.8
1991-01-01,1991,5,1,BLACK ALONE,[50 - 75K),16.2
1991-01-01,1991,6,1,BLACK ALONE,[75 - 100K),8.3
1991-01-01,1991,7,1,BLACK ALONE,[100 - 150K),6.1
1991-01-01,1991,8,1,BLACK ALONE,[150 - 200K),1.6
1991-01-01,1991,9,1,BLACK ALONE,>= 200K,0.6
1992-01-01,1992,1,1,BLACK ALONE,< 15K,27.3
1992-01-01,1992,2,1,BLACK ALONE,[15 - 25K),15
1992-01-01,1992,3,1,BLACK ALONE,[25 - 35K),11.7
1992-01-01,1992,4,1,BLACK ALONE,[35 - 50K),14.1
1992-01-01,1992,5,1,BLACK ALONE,[50 - 75K),15.5
1992-01-01,1992,6,1,BLACK ALONE,[75 - 100K),8.1
1992-01-01,1992,7,1,BLACK ALONE,[100 - 150K),5.8
1992-01-01,1992,8,1,BLACK ALONE,[150 - 200K),1.7
1992-01-01,1992,9,1,BLACK ALONE,>= 200K,0.6
1993-01-01,1993,1,1,BLACK ALONE,< 15K,26.9
1993-01-01,1993,2,1,BLACK ALONE,[15 - 25K),14.9
1993-01-01,1993,3,1,BLACK ALONE,[25 - 35K),12.3
1993-01-01,1993,4,1,BLACK ALONE,[35 - 50K),14.5
1993-01-01,1993,5,1,BLACK ALONE,[50 - 75K),14.3
1993-01-01,1993,6,1,BLACK ALONE,[75 - 100K),8.2
1993-01-01,1993,7,1,BLACK ALONE,[100 - 150K),6.2
1993-01-01,1993,8,1,BLACK ALONE,[150 - 200K),1.8
1993-01-01,1993,9,1,BLACK ALONE,>= 200K,0.9
1994-01-01,1994,1,1,BLACK ALONE,< 15K,25.1
1994-01-01,1994,2,1,BLACK ALONE,[15 - 25K),14.5
1994-01-01,1994,3,1,BLACK ALONE,[25 - 35K),11.7
1994-01-01,1994,4,1,BLACK ALONE,[35 - 50K),14.6
1994-01-01,1994,5,1,BLACK ALONE,[50 - 75K),14.7
1994-01-01,1994,6,1,BLACK ALONE,[75 - 100K),9
1994-01-01,1994,7,1,BLACK ALONE,[100 - 150K),7
1994-01-01,1994,8,1,BLACK ALONE,[150 - 200K),2.1
1994-01-01,1994,9,1,BLACK ALONE,>= 200K,1.2
1995-01-01,1995,1,1,BLACK ALONE,< 15K,23.1
1995-01-01,1995,2,1,BLACK ALONE,[15 - 25K),14.8
1995-01-01,1995,3,1,BLACK ALONE,[25 - 35K),12.2
1995-01-01,1995,4,1,BLACK ALONE,[35 - 50K),14.4
1995-01-01,1995,5,1,BLACK ALONE,[50 - 75K),16.6
1995-01-01,1995,6,1,BLACK ALONE,[75 - 100K),8.6
1995-01-01,1995,7,1,BLACK ALONE,[100 - 150K),7.7
1995-01-01,1995,8,1,BLACK ALONE,[150 - 200K),1.6
1995-01-01,1995,9,1,BLACK ALONE,>= 200K,1
1996-01-01,1996,1,1,BLACK ALONE,< 15K,22.7
1996-01-01,1996,2,1,BLACK ALONE,[15 - 25K),14.7
1996-01-01,1996,3,1,BLACK ALONE,[25 - 35K),11.6
1996-01-01,1996,4,1,BLACK ALONE,[35 - 50K),15
1996-01-01,1996,5,1,BLACK ALONE,[50 - 75K),15.9
1996-01-01,1996,6,1,BLACK ALONE,[75 - 100K),10.2
1996-01-01,1996,7,1,BLACK ALONE,[100 - 150K),7
1996-01-01,1996,8,1,BLACK ALONE,[150 - 200K),1.8
1996-01-01,1996,9,1,BLACK ALONE,>= 200K,1.2
1997-01-01,1997,1,1,BLACK ALONE,< 15K,21.9
1997-01-01,1997,2,1,BLACK ALONE,[15 - 25K),13.7
1997-01-01,1997,3,1,BLACK ALONE,[25 - 35K),12.2
1997-01-01,1997,4,1,BLACK ALONE,[35 - 50K),14.8
1997-01-01,1997,5,1,BLACK ALONE,[50 - 75K),16.7
1997-01-01,1997,6,1,BLACK ALONE,[75 - 100K),9.8
1997-01-01,1997,7,1,BLACK ALONE,[100 - 150K),7.6
1997-01-01,1997,8,1,BLACK ALONE,[150 - 200K),2.1
1997-01-01,1997,9,1,BLACK ALONE,>= 200K,1.1
1998-01-01,1998,1,1,BLACK ALONE,< 15K,22.1
1998-01-01,1998,2,1,BLACK ALONE,[15 - 25K),14
1998-01-01,1998,3,1,BLACK ALONE,[25 - 35K),11.4
1998-01-01,1998,4,1,BLACK ALONE,[35 - 50K),14.2
1998-01-01,1998,5,1,BLACK ALONE,[50 - 75K),16.6
1998-01-01,1998,6,1,BLACK ALONE,[75 - 100K),9.6
1998-01-01,1998,7,1,BLACK ALONE,[100 - 150K),8.3
1998-01-01,1998,8,1,BLACK ALONE,[150 - 200K),2.4
1998-01-01,1998,9,1,BLACK ALONE,>= 200K,1.4
1999-01-01,1999,1,1,BLACK ALONE,< 15K,19.7
1999-01-01,1999,2,1,BLACK ALONE,[15 - 25K),13
1999-01-01,1999,3,1,BLACK ALONE,[25 - 35K),11.3
1999-01-01,1999,4,1,BLACK ALONE,[35 - 50K),14.5
1999-01-01,1999,5,1,BLACK ALONE,[50 - 75K),17
1999-01-01,1999,6,1,BLACK ALONE,[75 - 100K),10.2
1999-01-01,1999,7,1,BLACK ALONE,[100 - 150K),8.8
1999-01-01,1999,8,1,BLACK ALONE,[150 - 200K),3.5
1999-01-01,1999,9,1,BLACK ALONE,>= 200K,1.9
2000-01-01,2e3,1,1,BLACK ALONE,< 15K,18.7
2000-01-01,2e3,2,1,BLACK ALONE,[15 - 25K),12.4
2000-01-01,2e3,3,1,BLACK ALONE,[25 - 35K),13
2000-01-01,2e3,4,1,BLACK ALONE,[35 - 50K),14.2
2000-01-01,2e3,5,1,BLACK ALONE,[50 - 75K),18.1
2000-01-01,2e3,6,1,BLACK ALONE,[75 - 100K),9.9
2000-01-01,2e3,7,1,BLACK ALONE,[100 - 150K),9
2000-01-01,2e3,8,1,BLACK ALONE,[150 - 200K),3.2
2000-01-01,2e3,9,1,BLACK ALONE,>= 200K,1.5
2001-01-01,2001,1,1,BLACK ALONE,< 15K,20
2001-01-01,2001,2,1,BLACK ALONE,[15 - 25K),13.1
2001-01-01,2001,3,1,BLACK ALONE,[25 - 35K),11.7
2001-01-01,2001,4,1,BLACK ALONE,[35 - 50K),15.2
2001-01-01,2001,5,1,BLACK ALONE,[50 - 75K),17
2001-01-01,2001,6,1,BLACK ALONE,[75 - 100K),10.2
2001-01-01,2001,7,1,BLACK ALONE,[100 - 150K),9
2001-01-01,2001,8,1,BLACK ALONE,[150 - 200K),2.4
2001-01-01,2001,9,1,BLACK ALONE,>= 200K,1.5
2002-01-01,2002,1,1,BLACK ALONE,< 15K,20.4
2002-01-01,2002,2,1,BLACK ALONE,[15 - 25K),13.6
2002-01-01,2002,3,1,BLACK ALONE,[25 - 35K),12.3
2002-01-01,2002,4,1,BLACK ALONE,[35 - 50K),15.3
2002-01-01,2002,5,1,BLACK ALONE,[50 - 75K),16
2002-01-01,2002,6,1,BLACK ALONE,[75 - 100K),9.3
2002-01-01,2002,7,1,BLACK ALONE,[100 - 150K),8.5
2002-01-01,2002,8,1,BLACK ALONE,[150 - 200K),2.7
2002-01-01,2002,9,1,BLACK ALONE,>= 200K,1.9
2003-01-01,2003,1,1,BLACK ALONE,< 15K,21.1
2003-01-01,2003,2,1,BLACK ALONE,[15 - 25K),13.5
2003-01-01,2003,3,1,BLACK ALONE,[25 - 35K),12.1
2003-01-01,2003,4,1,BLACK ALONE,[35 - 50K),14
2003-01-01,2003,5,1,BLACK ALONE,[50 - 75K),16.9
2003-01-01,2003,6,1,BLACK ALONE,[75 - 100K),9.5
2003-01-01,2003,7,1,BLACK ALONE,[100 - 150K),8.7
2003-01-01,2003,8,1,BLACK ALONE,[150 - 200K),2.6
2003-01-01,2003,9,1,BLACK ALONE,>= 200K,1.6
2004-01-01,2004,1,1,BLACK ALONE,< 15K,21.3
2004-01-01,2004,2,1,BLACK ALONE,[15 - 25K),12.7
2004-01-01,2004,3,1,BLACK ALONE,[25 - 35K),12.9
2004-01-01,2004,4,1,BLACK ALONE,[35 - 50K),15.3
2004-01-01,2004,5,1,BLACK ALONE,[50 - 75K),15.5
2004-01-01,2004,6,1,BLACK ALONE,[75 - 100K),10
2004-01-01,2004,7,1,BLACK ALONE,[100 - 150K),8.1
2004-01-01,2004,8,1,BLACK ALONE,[150 - 200K),2.5
2004-01-01,2004,9,1,BLACK ALONE,>= 200K,1.7
2005-01-01,2005,1,1,BLACK ALONE,< 15K,21.4
2005-01-01,2005,2,1,BLACK ALONE,[15 - 25K),14.7
2005-01-01,2005,3,1,BLACK ALONE,[25 - 35K),11.2
2005-01-01,2005,4,1,BLACK ALONE,[35 - 50K),14.6
2005-01-01,2005,5,1,BLACK ALONE,[50 - 75K),16.4
2005-01-01,2005,6,1,BLACK ALONE,[75 - 100K),9.2
2005-01-01,2005,7,1,BLACK ALONE,[100 - 150K),8.2
2005-01-01,2005,8,1,BLACK ALONE,[150 - 200K),2.8
2005-01-01,2005,9,1,BLACK ALONE,>= 200K,1.6
2006-01-01,2006,1,1,BLACK ALONE,< 15K,20.7
2006-01-01,2006,2,1,BLACK ALONE,[15 - 25K),13.8
2006-01-01,2006,3,1,BLACK ALONE,[25 - 35K),11.2
2006-01-01,2006,4,1,BLACK ALONE,[35 - 50K),16
2006-01-01,2006,5,1,BLACK ALONE,[50 - 75K),16
2006-01-01,2006,6,1,BLACK ALONE,[75 - 100K),9.1
2006-01-01,2006,7,1,BLACK ALONE,[100 - 150K),8.6
2006-01-01,2006,8,1,BLACK ALONE,[150 - 200K),2.6
2006-01-01,2006,9,1,BLACK ALONE,>= 200K,2
2007-01-01,2007,1,1,BLACK ALONE,< 15K,20.6
2007-01-01,2007,2,1,BLACK ALONE,[15 - 25K),13.6
2007-01-01,2007,3,1,BLACK ALONE,[25 - 35K),12.2
2007-01-01,2007,4,1,BLACK ALONE,[35 - 50K),13.9
2007-01-01,2007,5,1,BLACK ALONE,[50 - 75K),16.3
2007-01-01,2007,6,1,BLACK ALONE,[75 - 100K),9.9
2007-01-01,2007,7,1,BLACK ALONE,[100 - 150K),8.9
2007-01-01,2007,8,1,BLACK ALONE,[150 - 200K),2.8
2007-01-01,2007,9,1,BLACK ALONE,>= 200K,1.8
2008-01-01,2008,1,1,BLACK ALONE,< 15K,21
2008-01-01,2008,2,1,BLACK ALONE,[15 - 25K),13.4
2008-01-01,2008,3,1,BLACK ALONE,[25 - 35K),12.6
2008-01-01,2008,4,1,BLACK ALONE,[35 - 50K),15.1
2008-01-01,2008,5,1,BLACK ALONE,[50 - 75K),16.5
2008-01-01,2008,6,1,BLACK ALONE,[75 - 100K),8.8
2008-01-01,2008,7,1,BLACK ALONE,[100 - 150K),8.4
2008-01-01,2008,8,1,BLACK ALONE,[150 - 200K),2.6
2008-01-01,2008,9,1,BLACK ALONE,>= 200K,1.6
2009-01-01,2009,1,1,BLACK ALONE,< 15K,21.4
2009-01-01,2009,2,1,BLACK ALONE,[15 - 25K),13.8
2009-01-01,2009,3,1,BLACK ALONE,[25 - 35K),13.3
2009-01-01,2009,4,1,BLACK ALONE,[35 - 50K),14.2
2009-01-01,2009,5,1,BLACK ALONE,[50 - 75K),15.8
2009-01-01,2009,6,1,BLACK ALONE,[75 - 100K),9.3
2009-01-01,2009,7,1,BLACK ALONE,[100 - 150K),8.1
2009-01-01,2009,8,1,BLACK ALONE,[150 - 200K),2.5
2009-01-01,2009,9,1,BLACK ALONE,>= 200K,1.6
2010-01-01,2010,1,1,BLACK ALONE,< 15K,23.7
2010-01-01,2010,2,1,BLACK ALONE,[15 - 25K),13.9
2010-01-01,2010,3,1,BLACK ALONE,[25 - 35K),11.9
2010-01-01,2010,4,1,BLACK ALONE,[35 - 50K),14.7
2010-01-01,2010,5,1,BLACK ALONE,[50 - 75K),15.1
2010-01-01,2010,6,1,BLACK ALONE,[75 - 100K),9.2
2010-01-01,2010,7,1,BLACK ALONE,[100 - 150K),7.5
2010-01-01,2010,8,1,BLACK ALONE,[150 - 200K),2.5
2010-01-01,2010,9,1,BLACK ALONE,>= 200K,1.5
2011-01-01,2011,1,1,BLACK ALONE,< 15K,24.2
2011-01-01,2011,2,1,BLACK ALONE,[15 - 25K),14.4
2011-01-01,2011,3,1,BLACK ALONE,[25 - 35K),11.9
2011-01-01,2011,4,1,BLACK ALONE,[35 - 50K),13.7
2011-01-01,2011,5,1,BLACK ALONE,[50 - 75K),15.4
2011-01-01,2011,6,1,BLACK ALONE,[75 - 100K),8.5
2011-01-01,2011,7,1,BLACK ALONE,[100 - 150K),7.6
2011-01-01,2011,8,1,BLACK ALONE,[150 - 200K),2.6
2011-01-01,2011,9,1,BLACK ALONE,>= 200K,1.7
2012-01-01,2012,1,1,BLACK ALONE,< 15K,23.1
2012-01-01,2012,2,1,BLACK ALONE,[15 - 25K),14.8
2012-01-01,2012,3,1,BLACK ALONE,[25 - 35K),12.4
2012-01-01,2012,4,1,BLACK ALONE,[35 - 50K),13.8
2012-01-01,2012,5,1,BLACK ALONE,[50 - 75K),15.4
2012-01-01,2012,6,1,BLACK ALONE,[75 - 100K),8.7
2012-01-01,2012,7,1,BLACK ALONE,[100 - 150K),7.9
2012-01-01,2012,8,1,BLACK ALONE,[150 - 200K),2.4
2012-01-01,2012,9,1,BLACK ALONE,>= 200K,1.6
2013-01-01,2013,1,1,BLACK ALONE,< 15K,22.8
2013-01-01,2013,2,1,BLACK ALONE,[15 - 25K),13.8
2013-01-01,2013,3,1,BLACK ALONE,[25 - 35K),12.1
2013-01-01,2013,4,1,BLACK ALONE,[35 - 50K),14.7
2013-01-01,2013,5,1,BLACK ALONE,[50 - 75K),15.3
2013-01-01,2013,6,1,BLACK ALONE,[75 - 100K),7.9
2013-01-01,2013,7,1,BLACK ALONE,[100 - 150K),8.5
2013-01-01,2013,8,1,BLACK ALONE,[150 - 200K),2.9
2013-01-01,2013,9,1,BLACK ALONE,>= 200K,2
2014-01-01,2014,1,1,BLACK ALONE,< 15K,22.2
2014-01-01,2014,2,1,BLACK ALONE,[15 - 25K),14.4
2014-01-01,2014,3,1,BLACK ALONE,[25 - 35K),12.5
2014-01-01,2014,4,1,BLACK ALONE,[35 - 50K),14.6
2014-01-01,2014,5,1,BLACK ALONE,[50 - 75K),15.1
2014-01-01,2014,6,1,BLACK ALONE,[75 - 100K),8.2
2014-01-01,2014,7,1,BLACK ALONE,[100 - 150K),8.1
2014-01-01,2014,8,1,BLACK ALONE,[150 - 200K),2.8
2014-01-01,2014,9,1,BLACK ALONE,>= 200K,2.1
2015-01-01,2015,1,1,BLACK ALONE,< 15K,21.6
2015-01-01,2015,2,1,BLACK ALONE,[15 - 25K),14
2015-01-01,2015,3,1,BLACK ALONE,[25 - 35K),11.8
2015-01-01,2015,4,1,BLACK ALONE,[35 - 50K),13.6
2015-01-01,2015,5,1,BLACK ALONE,[50 - 75K),15.9
2015-01-01,2015,6,1,BLACK ALONE,[75 - 100K),8.8
2015-01-01,2015,7,1,BLACK ALONE,[100 - 150K),9
2015-01-01,2015,8,1,BLACK ALONE,[150 - 200K),3
2015-01-01,2015,9,1,BLACK ALONE,>= 200K,2.4
2016-01-01,2016,1,1,BLACK ALONE,< 15K,20.6
2016-01-01,2016,2,1,BLACK ALONE,[15 - 25K),13.2
2016-01-01,2016,3,1,BLACK ALONE,[25 - 35K),11.6
2016-01-01,2016,4,1,BLACK ALONE,[35 - 50K),14.2
2016-01-01,2016,5,1,BLACK ALONE,[50 - 75K),16.1
2016-01-01,2016,6,1,BLACK ALONE,[75 - 100K),9.5
2016-01-01,2016,7,1,BLACK ALONE,[100 - 150K),9
2016-01-01,2016,8,1,BLACK ALONE,[150 - 200K),3.2
2016-01-01,2016,9,1,BLACK ALONE,>= 200K,2.7
1972-01-01,1972,1,2,HISPANIC,< 15K,13.1
1972-01-01,1972,2,2,HISPANIC,[15 - 25K),16.9
1972-01-01,1972,3,2,HISPANIC,[25 - 35K),14.2
1972-01-01,1972,4,2,HISPANIC,[35 - 50K),21.4
1972-01-01,1972,5,2,HISPANIC,[50 - 75K),20.8
1972-01-01,1972,6,2,HISPANIC,[75 - 100K),8.4
1972-01-01,1972,7,2,HISPANIC,[100 - 150K),4
1972-01-01,1972,8,2,HISPANIC,[150 - 200K),0.8
1972-01-01,1972,9,2,HISPANIC,>= 200K,0.5
1973-01-01,1973,1,2,HISPANIC,< 15K,13.8
1973-01-01,1973,2,2,HISPANIC,[15 - 25K),15.1
1973-01-01,1973,3,2,HISPANIC,[25 - 35K),15
1973-01-01,1973,4,2,HISPANIC,[35 - 50K),19.3
1973-01-01,1973,5,2,HISPANIC,[50 - 75K),22.2
1973-01-01,1973,6,2,HISPANIC,[75 - 100K),8.9
1973-01-01,1973,7,2,HISPANIC,[100 - 150K),4.7
1973-01-01,1973,8,2,HISPANIC,[150 - 200K),0.7
1973-01-01,1973,9,2,HISPANIC,>= 200K,0.3
1974-01-01,1974,1,2,HISPANIC,< 15K,14.6
1974-01-01,1974,2,2,HISPANIC,[15 - 25K),16.1
1974-01-01,1974,3,2,HISPANIC,[25 - 35K),14.1
1974-01-01,1974,4,2,HISPANIC,[35 - 50K),19.1
1974-01-01,1974,5,2,HISPANIC,[50 - 75K),21.7
1974-01-01,1974,6,2,HISPANIC,[75 - 100K),8.5
1974-01-01,1974,7,2,HISPANIC,[100 - 150K),4.7
1974-01-01,1974,8,2,HISPANIC,[150 - 200K),0.8
1974-01-01,1974,9,2,HISPANIC,>= 200K,0.4
1975-01-01,1975,1,2,HISPANIC,< 15K,17.4
1975-01-01,1975,2,2,HISPANIC,[15 - 25K),16.6
1975-01-01,1975,3,2,HISPANIC,[25 - 35K),15.1
1975-01-01,1975,4,2,HISPANIC,[35 - 50K),18.3
1975-01-01,1975,5,2,HISPANIC,[50 - 75K),20.1
1975-01-01,1975,6,2,HISPANIC,[75 - 100K),7.9
1975-01-01,1975,7,2,HISPANIC,[100 - 150K),3.5
1975-01-01,1975,8,2,HISPANIC,[150 - 200K),0.7
1975-01-01,1975,9,2,HISPANIC,>= 200K,0.5
1976-01-01,1976,1,2,HISPANIC,< 15K,17.8
1976-01-01,1976,2,2,HISPANIC,[15 - 25K),16.7
1976-01-01,1976,3,2,HISPANIC,[25 - 35K),13.7
1976-01-01,1976,4,2,HISPANIC,[35 - 50K),18.3
1976-01-01,1976,5,2,HISPANIC,[50 - 75K),19.6
1976-01-01,1976,6,2,HISPANIC,[75 - 100K),9
1976-01-01,1976,7,2,HISPANIC,[100 - 150K),4.2
1976-01-01,1976,8,2,HISPANIC,[150 - 200K),0.5
1976-01-01,1976,9,2,HISPANIC,>= 200K,0.3
1977-01-01,1977,1,2,HISPANIC,< 15K,15.6
1977-01-01,1977,2,2,HISPANIC,[15 - 25K),15.2
1977-01-01,1977,3,2,HISPANIC,[25 - 35K),14.4
1977-01-01,1977,4,2,HISPANIC,[35 - 50K),19
1977-01-01,1977,5,2,HISPANIC,[50 - 75K),20.1
1977-01-01,1977,6,2,HISPANIC,[75 - 100K),9.5
1977-01-01,1977,7,2,HISPANIC,[100 - 150K),4.9
1977-01-01,1977,8,2,HISPANIC,[150 - 200K),1.1
1977-01-01,1977,9,2,HISPANIC,>= 200K,0.3
1978-01-01,1978,1,2,HISPANIC,< 15K,15.3
1978-01-01,1978,2,2,HISPANIC,[15 - 25K),14.6
1978-01-01,1978,3,2,HISPANIC,[25 - 35K),13.7
1978-01-01,1978,4,2,HISPANIC,[35 - 50K),17.9
1978-01-01,1978,5,2,HISPANIC,[50 - 75K),21.3
1978-01-01,1978,6,2,HISPANIC,[75 - 100K),10.3
1978-01-01,1978,7,2,HISPANIC,[100 - 150K),5.5
1978-01-01,1978,8,2,HISPANIC,[150 - 200K),1.1
1978-01-01,1978,9,2,HISPANIC,>= 200K,0.4
1979-01-01,1979,1,2,HISPANIC,< 15K,15.5
1979-01-01,1979,2,2,HISPANIC,[15 - 25K),14.2
1979-01-01,1979,3,2,HISPANIC,[25 - 35K),13.9
1979-01-01,1979,4,2,HISPANIC,[35 - 50K),17.4
1979-01-01,1979,5,2,HISPANIC,[50 - 75K),20.5
1979-01-01,1979,6,2,HISPANIC,[75 - 100K),9.9
1979-01-01,1979,7,2,HISPANIC,[100 - 150K),6.5
1979-01-01,1979,8,2,HISPANIC,[150 - 200K),1.2
1979-01-01,1979,9,2,HISPANIC,>= 200K,0.8
1980-01-01,1980,1,2,HISPANIC,< 15K,17.1
1980-01-01,1980,2,2,HISPANIC,[15 - 25K),15.5
1980-01-01,1980,3,2,HISPANIC,[25 - 35K),13.9
1980-01-01,1980,4,2,HISPANIC,[35 - 50K),17.3
1980-01-01,1980,5,2,HISPANIC,[50 - 75K),19.1
1980-01-01,1980,6,2,HISPANIC,[75 - 100K),10
1980-01-01,1980,7,2,HISPANIC,[100 - 150K),5.4
1980-01-01,1980,8,2,HISPANIC,[150 - 200K),1.2
1980-01-01,1980,9,2,HISPANIC,>= 200K,0.5
1981-01-01,1981,1,2,HISPANIC,< 15K,16.5
1981-01-01,1981,2,2,HISPANIC,[15 - 25K),14.7
1981-01-01,1981,3,2,HISPANIC,[25 - 35K),14
1981-01-01,1981,4,2,HISPANIC,[35 - 50K),17.6
1981-01-01,1981,5,2,HISPANIC,[50 - 75K),19.5
1981-01-01,1981,6,2,HISPANIC,[75 - 100K),10
1981-01-01,1981,7,2,HISPANIC,[100 - 150K),6
1981-01-01,1981,8,2,HISPANIC,[150 - 200K),1
1981-01-01,1981,9,2,HISPANIC,>= 200K,0.6
1982-01-01,1982,1,2,HISPANIC,< 15K,19.3
1982-01-01,1982,2,2,HISPANIC,[15 - 25K),16
1982-01-01,1982,3,2,HISPANIC,[25 - 35K),13.2
1982-01-01,1982,4,2,HISPANIC,[35 - 50K),17.6
1982-01-01,1982,5,2,HISPANIC,[50 - 75K),17.7
1982-01-01,1982,6,2,HISPANIC,[75 - 100K),8.9
1982-01-01,1982,7,2,HISPANIC,[100 - 150K),5.6
1982-01-01,1982,8,2,HISPANIC,[150 - 200K),1.1
1982-01-01,1982,9,2,HISPANIC,>= 200K,0.6
1983-01-01,1983,1,2,HISPANIC,< 15K,20.3
1983-01-01,1983,2,2,HISPANIC,[15 - 25K),15.2
1983-01-01,1983,3,2,HISPANIC,[25 - 35K),13.3
1983-01-01,1983,4,2,HISPANIC,[35 - 50K),17.1
1983-01-01,1983,5,2,HISPANIC,[50 - 75K),18
1983-01-01,1983,6,2,HISPANIC,[75 - 100K),9
1983-01-01,1983,7,2,HISPANIC,[100 - 150K),5.7
1983-01-01,1983,8,2,HISPANIC,[150 - 200K),1
1983-01-01,1983,9,2,HISPANIC,>= 200K,0.4
1984-01-01,1984,1,2,HISPANIC,< 15K,19.2
1984-01-01,1984,2,2,HISPANIC,[15 - 25K),14.9
1984-01-01,1984,3,2,HISPANIC,[25 - 35K),13.3
1984-01-01,1984,4,2,HISPANIC,[35 - 50K),15.5
1984-01-01,1984,5,2,HISPANIC,[50 - 75K),19.2
1984-01-01,1984,6,2,HISPANIC,[75 - 100K),9.8
1984-01-01,1984,7,2,HISPANIC,[100 - 150K),6.1
1984-01-01,1984,8,2,HISPANIC,[150 - 200K),1.4
1984-01-01,1984,9,2,HISPANIC,>= 200K,0.6
1985-01-01,1985,1,2,HISPANIC,< 15K,19
1985-01-01,1985,2,2,HISPANIC,[15 - 25K),15.9
1985-01-01,1985,3,2,HISPANIC,[25 - 35K),12.4
1985-01-01,1985,4,2,HISPANIC,[35 - 50K),16
1985-01-01,1985,5,2,HISPANIC,[50 - 75K),18.9
1985-01-01,1985,6,2,HISPANIC,[75 - 100K),8.9
1985-01-01,1985,7,2,HISPANIC,[100 - 150K),7
1985-01-01,1985,8,2,HISPANIC,[150 - 200K),1.2
1985-01-01,1985,9,2,HISPANIC,>= 200K,0.7
1986-01-01,1986,1,2,HISPANIC,< 15K,17.9
1986-01-01,1986,2,2,HISPANIC,[15 - 25K),14.9
1986-01-01,1986,3,2,HISPANIC,[25 - 35K),13.6
1986-01-01,1986,4,2,HISPANIC,[35 - 50K),15.3
1986-01-01,1986,5,2,HISPANIC,[50 - 75K),18.3
1986-01-01,1986,6,2,HISPANIC,[75 - 100K),10
1986-01-01,1986,7,2,HISPANIC,[100 - 150K),7.7
1986-01-01,1986,8,2,HISPANIC,[150 - 200K),1.6
1986-01-01,1986,9,2,HISPANIC,>= 200K,0.7
1987-01-01,1987,1,2,HISPANIC,< 15K,18.5
1987-01-01,1987,2,2,HISPANIC,[15 - 25K),14.7
1987-01-01,1987,3,2,HISPANIC,[25 - 35K),12.3
1987-01-01,1987,4,2,HISPANIC,[35 - 50K),16.5
1987-01-01,1987,5,2,HISPANIC,[50 - 75K),17.9
1987-01-01,1987,6,2,HISPANIC,[75 - 100K),9.9
1987-01-01,1987,7,2,HISPANIC,[100 - 150K),7
1987-01-01,1987,8,2,HISPANIC,[150 - 200K),1.8
1987-01-01,1987,9,2,HISPANIC,>= 200K,1.3
1988-01-01,1988,1,2,HISPANIC,< 15K,18.3
1988-01-01,1988,2,2,HISPANIC,[15 - 25K),13.4
1988-01-01,1988,3,2,HISPANIC,[25 - 35K),12.8
1988-01-01,1988,4,2,HISPANIC,[35 - 50K),16.6
1988-01-01,1988,5,2,HISPANIC,[50 - 75K),18.4
1988-01-01,1988,6,2,HISPANIC,[75 - 100K),10.2
1988-01-01,1988,7,2,HISPANIC,[100 - 150K),7.1
1988-01-01,1988,8,2,HISPANIC,[150 - 200K),2
1988-01-01,1988,9,2,HISPANIC,>= 200K,1.3
1989-01-01,1989,1,2,HISPANIC,< 15K,17.1
1989-01-01,1989,2,2,HISPANIC,[15 - 25K),13.5
1989-01-01,1989,3,2,HISPANIC,[25 - 35K),12.3
1989-01-01,1989,4,2,HISPANIC,[35 - 50K),16.3
1989-01-01,1989,5,2,HISPANIC,[50 - 75K),18.5
1989-01-01,1989,6,2,HISPANIC,[75 - 100K),11
1989-01-01,1989,7,2,HISPANIC,[100 - 150K),7.8
1989-01-01,1989,8,2,HISPANIC,[150 - 200K),2.1
1989-01-01,1989,9,2,HISPANIC,>= 200K,1.4
1990-01-01,1990,1,2,HISPANIC,< 15K,17
1990-01-01,1990,2,2,HISPANIC,[15 - 25K),15.4
1990-01-01,1990,3,2,HISPANIC,[25 - 35K),12.2
1990-01-01,1990,4,2,HISPANIC,[35 - 50K),16.8
1990-01-01,1990,5,2,HISPANIC,[50 - 75K),18.8
1990-01-01,1990,6,2,HISPANIC,[75 - 100K),9.9
1990-01-01,1990,7,2,HISPANIC,[100 - 150K),7
1990-01-01,1990,8,2,HISPANIC,[150 - 200K),1.8
1990-01-01,1990,9,2,HISPANIC,>= 200K,1.1
1991-01-01,1991,1,2,HISPANIC,< 15K,17.2
1991-01-01,1991,2,2,HISPANIC,[15 - 25K),14.7
1991-01-01,1991,3,2,HISPANIC,[25 - 35K),13.3
1991-01-01,1991,4,2,HISPANIC,[35 - 50K),16.8
1991-01-01,1991,5,2,HISPANIC,[50 - 75K),18
1991-01-01,1991,6,2,HISPANIC,[75 - 100K),9.6
1991-01-01,1991,7,2,HISPANIC,[100 - 150K),7.2
1991-01-01,1991,8,2,HISPANIC,[150 - 200K),2.2
1991-01-01,1991,9,2,HISPANIC,>= 200K,1
1992-01-01,1992,1,2,HISPANIC,< 15K,18.2
1992-01-01,1992,2,2,HISPANIC,[15 - 25K),15
1992-01-01,1992,3,2,HISPANIC,[25 - 35K),14
1992-01-01,1992,4,2,HISPANIC,[35 - 50K),16.2
1992-01-01,1992,5,2,HISPANIC,[50 - 75K),17.5
1992-01-01,1992,6,2,HISPANIC,[75 - 100K),9.4
1992-01-01,1992,7,2,HISPANIC,[100 - 150K),6.9
1992-01-01,1992,8,2,HISPANIC,[150 - 200K),1.9
1992-01-01,1992,9,2,HISPANIC,>= 200K,0.9
1993-01-01,1993,1,2,HISPANIC,< 15K,18.2
1993-01-01,1993,2,2,HISPANIC,[15 - 25K),15.7
1993-01-01,1993,3,2,HISPANIC,[25 - 35K),13.4
1993-01-01,1993,4,2,HISPANIC,[35 - 50K),17
1993-01-01,1993,5,2,HISPANIC,[50 - 75K),17.1
1993-01-01,1993,6,2,HISPANIC,[75 - 100K),8.9
1993-01-01,1993,7,2,HISPANIC,[100 - 150K),7
1993-01-01,1993,8,2,HISPANIC,[150 - 200K),1.6
1993-01-01,1993,9,2,HISPANIC,>= 200K,1.2
1994-01-01,1994,1,2,HISPANIC,< 15K,19
1994-01-01,1994,2,2,HISPANIC,[15 - 25K),15.6
1994-01-01,1994,3,2,HISPANIC,[25 - 35K),12.5
1994-01-01,1994,4,2,HISPANIC,[35 - 50K),16.2
1994-01-01,1994,5,2,HISPANIC,[50 - 75K),17
1994-01-01,1994,6,2,HISPANIC,[75 - 100K),9.3
1994-01-01,1994,7,2,HISPANIC,[100 - 150K),7.2
1994-01-01,1994,8,2,HISPANIC,[150 - 200K),2
1994-01-01,1994,9,2,HISPANIC,>= 200K,1.4
1995-01-01,1995,1,2,HISPANIC,< 15K,19
1995-01-01,1995,2,2,HISPANIC,[15 - 25K),16
1995-01-01,1995,3,2,HISPANIC,[25 - 35K),14.3
1995-01-01,1995,4,2,HISPANIC,[35 - 50K),15.6
1995-01-01,1995,5,2,HISPANIC,[50 - 75K),16.2
1995-01-01,1995,6,2,HISPANIC,[75 - 100K),9.4
1995-01-01,1995,7,2,HISPANIC,[100 - 150K),6.7
1995-01-01,1995,8,2,HISPANIC,[150 - 200K),1.7
1995-01-01,1995,9,2,HISPANIC,>= 200K,1.2
1996-01-01,1996,1,2,HISPANIC,< 15K,16.9
1996-01-01,1996,2,2,HISPANIC,[15 - 25K),15.9
1996-01-01,1996,3,2,HISPANIC,[25 - 35K),13.6
1996-01-01,1996,4,2,HISPANIC,[35 - 50K),16.4
1996-01-01,1996,5,2,HISPANIC,[50 - 75K),17.1
1996-01-01,1996,6,2,HISPANIC,[75 - 100K),9.4
1996-01-01,1996,7,2,HISPANIC,[100 - 150K),7.2
1996-01-01,1996,8,2,HISPANIC,[150 - 200K),2.2
1996-01-01,1996,9,2,HISPANIC,>= 200K,1.4
1997-01-01,1997,1,2,HISPANIC,< 15K,17.6
1997-01-01,1997,2,2,HISPANIC,[15 - 25K),13.9
1997-01-01,1997,3,2,HISPANIC,[25 - 35K),13.4
1997-01-01,1997,4,2,HISPANIC,[35 - 50K),16
1997-01-01,1997,5,2,HISPANIC,[50 - 75K),18.5
1997-01-01,1997,6,2,HISPANIC,[75 - 100K),9.2
1997-01-01,1997,7,2,HISPANIC,[100 - 150K),7.5
1997-01-01,1997,8,2,HISPANIC,[150 - 200K),2.2
1997-01-01,1997,9,2,HISPANIC,>= 200K,1.8
1998-01-01,1998,1,2,HISPANIC,< 15K,16.1
1998-01-01,1998,2,2,HISPANIC,[15 - 25K),13.6
1998-01-01,1998,3,2,HISPANIC,[25 - 35K),12.2
1998-01-01,1998,4,2,HISPANIC,[35 - 50K),16.8
1998-01-01,1998,5,2,HISPANIC,[50 - 75K),18.1
1998-01-01,1998,6,2,HISPANIC,[75 - 100K),10.3
1998-01-01,1998,7,2,HISPANIC,[100 - 150K),8.7
1998-01-01,1998,8,2,HISPANIC,[150 - 200K),2.4
1998-01-01,1998,9,2,HISPANIC,>= 200K,1.8
1999-01-01,1999,1,2,HISPANIC,< 15K,13
1999-01-01,1999,2,2,HISPANIC,[15 - 25K),13.8
1999-01-01,1999,3,2,HISPANIC,[25 - 35K),12.7
1999-01-01,1999,4,2,HISPANIC,[35 - 50K),16.5
1999-01-01,1999,5,2,HISPANIC,[50 - 75K),19
1999-01-01,1999,6,2,HISPANIC,[75 - 100K),10.7
1999-01-01,1999,7,2,HISPANIC,[100 - 150K),9.9
1999-01-01,1999,8,2,HISPANIC,[150 - 200K),2.4
1999-01-01,1999,9,2,HISPANIC,>= 200K,2
2000-01-01,2e3,1,2,HISPANIC,< 15K,12.1
2000-01-01,2e3,2,2,HISPANIC,[15 - 25K),12.8
2000-01-01,2e3,3,2,HISPANIC,[25 - 35K),12.8
2000-01-01,2e3,4,2,HISPANIC,[35 - 50K),16.1
2000-01-01,2e3,5,2,HISPANIC,[50 - 75K),19.7
2000-01-01,2e3,6,2,HISPANIC,[75 - 100K),11.6
2000-01-01,2e3,7,2,HISPANIC,[100 - 150K),9.9
2000-01-01,2e3,8,2,HISPANIC,[150 - 200K),2.8
2000-01-01,2e3,9,2,HISPANIC,>= 200K,2.2
2001-01-01,2001,1,2,HISPANIC,< 15K,12.7
2001-01-01,2001,2,2,HISPANIC,[15 - 25K),13.4
2001-01-01,2001,3,2,HISPANIC,[25 - 35K),12.1
2001-01-01,2001,4,2,HISPANIC,[35 - 50K),16.5
2001-01-01,2001,5,2,HISPANIC,[50 - 75K),18.8
2001-01-01,2001,6,2,HISPANIC,[75 - 100K),11.4
2001-01-01,2001,7,2,HISPANIC,[100 - 150K),9.8
2001-01-01,2001,8,2,HISPANIC,[150 - 200K),3.2
2001-01-01,2001,9,2,HISPANIC,>= 200K,2.1
2002-01-01,2002,1,2,HISPANIC,< 15K,12.8
2002-01-01,2002,2,2,HISPANIC,[15 - 25K),13
2002-01-01,2002,3,2,HISPANIC,[25 - 35K),13.6
2002-01-01,2002,4,2,HISPANIC,[35 - 50K),16.4
2002-01-01,2002,5,2,HISPANIC,[50 - 75K),18.7
2002-01-01,2002,6,2,HISPANIC,[75 - 100K),10.8
2002-01-01,2002,7,2,HISPANIC,[100 - 150K),9.7
2002-01-01,2002,8,2,HISPANIC,[150 - 200K),2.8
2002-01-01,2002,9,2,HISPANIC,>= 200K,2.2
2003-01-01,2003,1,2,HISPANIC,< 15K,13.4
2003-01-01,2003,2,2,HISPANIC,[15 - 25K),13.6
2003-01-01,2003,3,2,HISPANIC,[25 - 35K),12.9
2003-01-01,2003,4,2,HISPANIC,[35 - 50K),17.3
2003-01-01,2003,5,2,HISPANIC,[50 - 75K),17.9
2003-01-01,2003,6,2,HISPANIC,[75 - 100K),10.8
2003-01-01,2003,7,2,HISPANIC,[100 - 150K),9.3
2003-01-01,2003,8,2,HISPANIC,[150 - 200K),2.6
2003-01-01,2003,9,2,HISPANIC,>= 200K,2.3
2004-01-01,2004,1,2,HISPANIC,< 15K,13.4
2004-01-01,2004,2,2,HISPANIC,[15 - 25K),13.1
2004-01-01,2004,3,2,HISPANIC,[25 - 35K),14.2
2004-01-01,2004,4,2,HISPANIC,[35 - 50K),15.7
2004-01-01,2004,5,2,HISPANIC,[50 - 75K),19.3
2004-01-01,2004,6,2,HISPANIC,[75 - 100K),10.4
2004-01-01,2004,7,2,HISPANIC,[100 - 150K),8.9
2004-01-01,2004,8,2,HISPANIC,[150 - 200K),2.8
2004-01-01,2004,9,2,HISPANIC,>= 200K,2.2
2005-01-01,2005,1,2,HISPANIC,< 15K,13.8
2005-01-01,2005,2,2,HISPANIC,[15 - 25K),13.6
2005-01-01,2005,3,2,HISPANIC,[25 - 35K),12.1
2005-01-01,2005,4,2,HISPANIC,[35 - 50K),17.1
2005-01-01,2005,5,2,HISPANIC,[50 - 75K),19
2005-01-01,2005,6,2,HISPANIC,[75 - 100K),10.4
2005-01-01,2005,7,2,HISPANIC,[100 - 150K),9
2005-01-01,2005,8,2,HISPANIC,[150 - 200K),2.8
2005-01-01,2005,9,2,HISPANIC,>= 200K,2.3
2006-01-01,2006,1,2,HISPANIC,< 15K,13.5
2006-01-01,2006,2,2,HISPANIC,[15 - 25K),13.2
2006-01-01,2006,3,2,HISPANIC,[25 - 35K),11.3
2006-01-01,2006,4,2,HISPANIC,[35 - 50K),17.4
2006-01-01,2006,5,2,HISPANIC,[50 - 75K),18.7
2006-01-01,2006,6,2,HISPANIC,[75 - 100K),10.7
2006-01-01,2006,7,2,HISPANIC,[100 - 150K),9.6
2006-01-01,2006,8,2,HISPANIC,[150 - 200K),3.4
2006-01-01,2006,9,2,HISPANIC,>= 200K,2.1
2007-01-01,2007,1,2,HISPANIC,< 15K,13.2
2007-01-01,2007,2,2,HISPANIC,[15 - 25K),13.2
2007-01-01,2007,3,2,HISPANIC,[25 - 35K),13.5
2007-01-01,2007,4,2,HISPANIC,[35 - 50K),15.4
2007-01-01,2007,5,2,HISPANIC,[50 - 75K),18.6
2007-01-01,2007,6,2,HISPANIC,[75 - 100K),11.5
2007-01-01,2007,7,2,HISPANIC,[100 - 150K),9.4
2007-01-01,2007,8,2,HISPANIC,[150 - 200K),3.1
2007-01-01,2007,9,2,HISPANIC,>= 200K,2.1
2008-01-01,2008,1,2,HISPANIC,< 15K,14.9
2008-01-01,2008,2,2,HISPANIC,[15 - 25K),13.5
2008-01-01,2008,3,2,HISPANIC,[25 - 35K),13
2008-01-01,2008,4,2,HISPANIC,[35 - 50K),16.4
2008-01-01,2008,5,2,HISPANIC,[50 - 75K),17.5
2008-01-01,2008,6,2,HISPANIC,[75 - 100K),9.8
2008-01-01,2008,7,2,HISPANIC,[100 - 150K),9.6
2008-01-01,2008,8,2,HISPANIC,[150 - 200K),3.4
2008-01-01,2008,9,2,HISPANIC,>= 200K,2
2009-01-01,2009,1,2,HISPANIC,< 15K,14.5
2009-01-01,2009,2,2,HISPANIC,[15 - 25K),13.8
2009-01-01,2009,3,2,HISPANIC,[25 - 35K),13.4
2009-01-01,2009,4,2,HISPANIC,[35 - 50K),15.1
2009-01-01,2009,5,2,HISPANIC,[50 - 75K),18.3
2009-01-01,2009,6,2,HISPANIC,[75 - 100K),10.2
2009-01-01,2009,7,2,HISPANIC,[100 - 150K),9.5
2009-01-01,2009,8,2,HISPANIC,[150 - 200K),3
2009-01-01,2009,9,2,HISPANIC,>= 200K,2.3
2010-01-01,2010,1,2,HISPANIC,< 15K,15.7
2010-01-01,2010,2,2,HISPANIC,[15 - 25K),13.8
2010-01-01,2010,3,2,HISPANIC,[25 - 35K),13.3
2010-01-01,2010,4,2,HISPANIC,[35 - 50K),15.5
2010-01-01,2010,5,2,HISPANIC,[50 - 75K),17.8
2010-01-01,2010,6,2,HISPANIC,[75 - 100K),10.1
2010-01-01,2010,7,2,HISPANIC,[100 - 150K),8.8
2010-01-01,2010,8,2,HISPANIC,[150 - 200K),3.2
2010-01-01,2010,9,2,HISPANIC,>= 200K,1.9
2011-01-01,2011,1,2,HISPANIC,< 15K,15.8
2011-01-01,2011,2,2,HISPANIC,[15 - 25K),13.5
2011-01-01,2011,3,2,HISPANIC,[25 - 35K),13.6
2011-01-01,2011,4,2,HISPANIC,[35 - 50K),16.7
2011-01-01,2011,5,2,HISPANIC,[50 - 75K),17.5
2011-01-01,2011,6,2,HISPANIC,[75 - 100K),9.3
2011-01-01,2011,7,2,HISPANIC,[100 - 150K),8.5
2011-01-01,2011,8,2,HISPANIC,[150 - 200K),3.1
2011-01-01,2011,9,2,HISPANIC,>= 200K,2
2012-01-01,2012,1,2,HISPANIC,< 15K,16.1
2012-01-01,2012,2,2,HISPANIC,[15 - 25K),13.6
2012-01-01,2012,3,2,HISPANIC,[25 - 35K),13.9
2012-01-01,2012,4,2,HISPANIC,[35 - 50K),15.4
2012-01-01,2012,5,2,HISPANIC,[50 - 75K),17.6
2012-01-01,2012,6,2,HISPANIC,[75 - 100K),9.9
2012-01-01,2012,7,2,HISPANIC,[100 - 150K),8.5
2012-01-01,2012,8,2,HISPANIC,[150 - 200K),2.9
2012-01-01,2012,9,2,HISPANIC,>= 200K,2.1
2013-01-01,2013,1,2,HISPANIC,< 15K,15
2013-01-01,2013,2,2,HISPANIC,[15 - 25K),14.8
2013-01-01,2013,3,2,HISPANIC,[25 - 35K),13.7
2013-01-01,2013,4,2,HISPANIC,[35 - 50K),15.4
2013-01-01,2013,5,2,HISPANIC,[50 - 75K),16.1
2013-01-01,2013,6,2,HISPANIC,[75 - 100K),9.7
2013-01-01,2013,7,2,HISPANIC,[100 - 150K),8.7
2013-01-01,2013,8,2,HISPANIC,[150 - 200K),3.6
2013-01-01,2013,9,2,HISPANIC,>= 200K,3
2014-01-01,2014,1,2,HISPANIC,< 15K,14.5
2014-01-01,2014,2,2,HISPANIC,[15 - 25K),14
2014-01-01,2014,3,2,HISPANIC,[25 - 35K),12.3
2014-01-01,2014,4,2,HISPANIC,[35 - 50K),15.6
2014-01-01,2014,5,2,HISPANIC,[50 - 75K),17.8
2014-01-01,2014,6,2,HISPANIC,[75 - 100K),10.8
2014-01-01,2014,7,2,HISPANIC,[100 - 150K),9.9
2014-01-01,2014,8,2,HISPANIC,[150 - 200K),2.9
2014-01-01,2014,9,2,HISPANIC,>= 200K,2.2
2015-01-01,2015,1,2,HISPANIC,< 15K,13.6
2015-01-01,2015,2,2,HISPANIC,[15 - 25K),12.9
2015-01-01,2015,3,2,HISPANIC,[25 - 35K),12.6
2015-01-01,2015,4,2,HISPANIC,[35 - 50K),15.1
2015-01-01,2015,5,2,HISPANIC,[50 - 75K),18
2015-01-01,2015,6,2,HISPANIC,[75 - 100K),10.9
2015-01-01,2015,7,2,HISPANIC,[100 - 150K),9.7
2015-01-01,2015,8,2,HISPANIC,[150 - 200K),3.8
2015-01-01,2015,9,2,HISPANIC,>= 200K,3.3
2016-01-01,2016,1,2,HISPANIC,< 15K,12.6
2016-01-01,2016,2,2,HISPANIC,[15 - 25K),11.7
2016-01-01,2016,3,2,HISPANIC,[25 - 35K),11.2
2016-01-01,2016,4,2,HISPANIC,[35 - 50K),16.2
2016-01-01,2016,5,2,HISPANIC,[50 - 75K),17.9
2016-01-01,2016,6,2,HISPANIC,[75 - 100K),11.9
2016-01-01,2016,7,2,HISPANIC,[100 - 150K),11.3
2016-01-01,2016,8,2,HISPANIC,[150 - 200K),3.8
2016-01-01,2016,9,2,HISPANIC,>= 200K,3.4
1967-01-01,1967,1,3,WHITE ALONE,< 15K,14.4
1967-01-01,1967,2,3,WHITE ALONE,[15 - 25K),9.9
1967-01-01,1967,3,3,WHITE ALONE,[25 - 35K),11.4
1967-01-01,1967,4,3,WHITE ALONE,[35 - 50K),18.3
1967-01-01,1967,5,3,WHITE ALONE,[50 - 75K),24.9
1967-01-01,1967,6,3,WHITE ALONE,[75 - 100K),11.9
1967-01-01,1967,7,3,WHITE ALONE,[100 - 150K),6.5
1967-01-01,1967,8,3,WHITE ALONE,[150 - 200K),1.5
1967-01-01,1967,9,3,WHITE ALONE,>= 200K,1.1
1968-01-01,1968,1,3,WHITE ALONE,< 15K,13.2
1968-01-01,1968,2,3,WHITE ALONE,[15 - 25K),10.2
1968-01-01,1968,3,3,WHITE ALONE,[25 - 35K),10.2
1968-01-01,1968,4,3,WHITE ALONE,[35 - 50K),18.7
1968-01-01,1968,5,3,WHITE ALONE,[50 - 75K),25.3
1968-01-01,1968,6,3,WHITE ALONE,[75 - 100K),12.8
1968-01-01,1968,7,3,WHITE ALONE,[100 - 150K),7.1
1968-01-01,1968,8,3,WHITE ALONE,[150 - 200K),1.5
1968-01-01,1968,9,3,WHITE ALONE,>= 200K,1
1969-01-01,1969,1,3,WHITE ALONE,< 15K,12.9
1969-01-01,1969,2,3,WHITE ALONE,[15 - 25K),9.8
1969-01-01,1969,3,3,WHITE ALONE,[25 - 35K),10
1969-01-01,1969,4,3,WHITE ALONE,[35 - 50K),17.1
1969-01-01,1969,5,3,WHITE ALONE,[50 - 75K),25.1
1969-01-01,1969,6,3,WHITE ALONE,[75 - 100K),13.8
1969-01-01,1969,7,3,WHITE ALONE,[100 - 150K),8.5
1969-01-01,1969,8,3,WHITE ALONE,[150 - 200K),1.7
1969-01-01,1969,9,3,WHITE ALONE,>= 200K,1.2
1970-01-01,1970,1,3,WHITE ALONE,< 15K,13
1970-01-01,1970,2,3,WHITE ALONE,[15 - 25K),10
1970-01-01,1970,3,3,WHITE ALONE,[25 - 35K),10.3
1970-01-01,1970,4,3,WHITE ALONE,[35 - 50K),17
1970-01-01,1970,5,3,WHITE ALONE,[50 - 75K),24.7
1970-01-01,1970,6,3,WHITE ALONE,[75 - 100K),13.4
1970-01-01,1970,7,3,WHITE ALONE,[100 - 150K),8.6
1970-01-01,1970,8,3,WHITE ALONE,[150 - 200K),1.8
1970-01-01,1970,9,3,WHITE ALONE,>= 200K,1.3
1971-01-01,1971,1,3,WHITE ALONE,< 15K,13
1971-01-01,1971,2,3,WHITE ALONE,[15 - 25K),10.3
1971-01-01,1971,3,3,WHITE ALONE,[25 - 35K),10.7
1971-01-01,1971,4,3,WHITE ALONE,[35 - 50K),16.4
1971-01-01,1971,5,3,WHITE ALONE,[50 - 75K),24.5
1971-01-01,1971,6,3,WHITE ALONE,[75 - 100K),13.4
1971-01-01,1971,7,3,WHITE ALONE,[100 - 150K),8.6
1971-01-01,1971,8,3,WHITE ALONE,[150 - 200K),1.9
1971-01-01,1971,9,3,WHITE ALONE,>= 200K,1.2
1972-01-01,1972,1,3,WHITE ALONE,< 15K,12.1
1972-01-01,1972,2,3,WHITE ALONE,[15 - 25K),10.2
1972-01-01,1972,3,3,WHITE ALONE,[25 - 35K),10
1972-01-01,1972,4,3,WHITE ALONE,[35 - 50K),15.6
1972-01-01,1972,5,3,WHITE ALONE,[50 - 75K),23.8
1972-01-01,1972,6,3,WHITE ALONE,[75 - 100K),14.2
1972-01-01,1972,7,3,WHITE ALONE,[100 - 150K),10.1
1972-01-01,1972,8,3,WHITE ALONE,[150 - 200K),2.4
1972-01-01,1972,9,3,WHITE ALONE,>= 200K,1.5
1973-01-01,1973,1,3,WHITE ALONE,< 15K,11.7
1973-01-01,1973,2,3,WHITE ALONE,[15 - 25K),10.6
1973-01-01,1973,3,3,WHITE ALONE,[25 - 35K),9.6
1973-01-01,1973,4,3,WHITE ALONE,[35 - 50K),15.2
1973-01-01,1973,5,3,WHITE ALONE,[50 - 75K),23.2
1973-01-01,1973,6,3,WHITE ALONE,[75 - 100K),14.7
1973-01-01,1973,7,3,WHITE ALONE,[100 - 150K),10.7
1973-01-01,1973,8,3,WHITE ALONE,[150 - 200K),2.5
1973-01-01,1973,9,3,WHITE ALONE,>= 200K,1.8
1974-01-01,1974,1,3,WHITE ALONE,< 15K,11.7
1974-01-01,1974,2,3,WHITE ALONE,[15 - 25K),10.5
1974-01-01,1974,3,3,WHITE ALONE,[25 - 35K),10.2
1974-01-01,1974,4,3,WHITE ALONE,[35 - 50K),16.3
1974-01-01,1974,5,3,WHITE ALONE,[50 - 75K),23.4
1974-01-01,1974,6,3,WHITE ALONE,[75 - 100K),14.1
1974-01-01,1974,7,3,WHITE ALONE,[100 - 150K),10
1974-01-01,1974,8,3,WHITE ALONE,[150 - 200K),2.3
1974-01-01,1974,9,3,WHITE ALONE,>= 200K,1.4
1975-01-01,1975,1,3,WHITE ALONE,< 15K,12.1
1975-01-01,1975,2,3,WHITE ALONE,[15 - 25K),11.6
1975-01-01,1975,3,3,WHITE ALONE,[25 - 35K),10.8
1975-01-01,1975,4,3,WHITE ALONE,[35 - 50K),16
1975-01-01,1975,5,3,WHITE ALONE,[50 - 75K),22.9
1975-01-01,1975,6,3,WHITE ALONE,[75 - 100K),13.7
1975-01-01,1975,7,3,WHITE ALONE,[100 - 150K),9.5
1975-01-01,1975,8,3,WHITE ALONE,[150 - 200K),2.1
1975-01-01,1975,9,3,WHITE ALONE,>= 200K,1.3
1976-01-01,1976,1,3,WHITE ALONE,< 15K,11.7
1976-01-01,1976,2,3,WHITE ALONE,[15 - 25K),11.3
1976-01-01,1976,3,3,WHITE ALONE,[25 - 35K),10.8
1976-01-01,1976,4,3,WHITE ALONE,[35 - 50K),15.4
1976-01-01,1976,5,3,WHITE ALONE,[50 - 75K),22.8
1976-01-01,1976,6,3,WHITE ALONE,[75 - 100K),14.3
1976-01-01,1976,7,3,WHITE ALONE,[100 - 150K),9.9
1976-01-01,1976,8,3,WHITE ALONE,[150 - 200K),2.3
1976-01-01,1976,9,3,WHITE ALONE,>= 200K,1.4
1977-01-01,1977,1,3,WHITE ALONE,< 15K,11.6
1977-01-01,1977,2,3,WHITE ALONE,[15 - 25K),11.1
1977-01-01,1977,3,3,WHITE ALONE,[25 - 35K),10.6
1977-01-01,1977,4,3,WHITE ALONE,[35 - 50K),15.1
1977-01-01,1977,5,3,WHITE ALONE,[50 - 75K),22.6
1977-01-01,1977,6,3,WHITE ALONE,[75 - 100K),14.6
1977-01-01,1977,7,3,WHITE ALONE,[100 - 150K),10.3
1977-01-01,1977,8,3,WHITE ALONE,[150 - 200K),2.5
1977-01-01,1977,9,3,WHITE ALONE,>= 200K,1.6
1978-01-01,1978,1,3,WHITE ALONE,< 15K,11.2
1978-01-01,1978,2,3,WHITE ALONE,[15 - 25K),10.8
1978-01-01,1978,3,3,WHITE ALONE,[25 - 35K),10.5
1978-01-01,1978,4,3,WHITE ALONE,[35 - 50K),14.5
1978-01-01,1978,5,3,WHITE ALONE,[50 - 75K),22.6
1978-01-01,1978,6,3,WHITE ALONE,[75 - 100K),14.5
1978-01-01,1978,7,3,WHITE ALONE,[100 - 150K),11.3
1978-01-01,1978,8,3,WHITE ALONE,[150 - 200K),2.8
1978-01-01,1978,9,3,WHITE ALONE,>= 200K,1.8
1979-01-01,1979,1,3,WHITE ALONE,< 15K,11.3
1979-01-01,1979,2,3,WHITE ALONE,[15 - 25K),10.4
1979-01-01,1979,3,3,WHITE ALONE,[25 - 35K),10.4
1979-01-01,1979,4,3,WHITE ALONE,[35 - 50K),15
1979-01-01,1979,5,3,WHITE ALONE,[50 - 75K),21.9
1979-01-01,1979,6,3,WHITE ALONE,[75 - 100K),14.8
1979-01-01,1979,7,3,WHITE ALONE,[100 - 150K),11.2
1979-01-01,1979,8,3,WHITE ALONE,[150 - 200K),3
1979-01-01,1979,9,3,WHITE ALONE,>= 200K,1.9
1980-01-01,1980,1,3,WHITE ALONE,< 15K,11.7
1980-01-01,1980,2,3,WHITE ALONE,[15 - 25K),10.7
1980-01-01,1980,3,3,WHITE ALONE,[25 - 35K),10.9
1980-01-01,1980,4,3,WHITE ALONE,[35 - 50K),15.2
1980-01-01,1980,5,3,WHITE ALONE,[50 - 75K),22.2
1980-01-01,1980,6,3,WHITE ALONE,[75 - 100K),14
1980-01-01,1980,7,3,WHITE ALONE,[100 - 150K),10.9
1980-01-01,1980,8,3,WHITE ALONE,[150 - 200K),2.8
1980-01-01,1980,9,3,WHITE ALONE,>= 200K,1.6
1981-01-01,1981,1,3,WHITE ALONE,< 15K,11.7
1981-01-01,1981,2,3,WHITE ALONE,[15 - 25K),11
1981-01-01,1981,3,3,WHITE ALONE,[25 - 35K),11.4
1981-01-01,1981,4,3,WHITE ALONE,[35 - 50K),15
1981-01-01,1981,5,3,WHITE ALONE,[50 - 75K),21.7
1981-01-01,1981,6,3,WHITE ALONE,[75 - 100K),13.9
1981-01-01,1981,7,3,WHITE ALONE,[100 - 150K),11
1981-01-01,1981,8,3,WHITE ALONE,[150 - 200K),2.7
1981-01-01,1981,9,3,WHITE ALONE,>= 200K,1.6
1982-01-01,1982,1,3,WHITE ALONE,< 15K,12.3
1982-01-01,1982,2,3,WHITE ALONE,[15 - 25K),11
1982-01-01,1982,3,3,WHITE ALONE,[25 - 35K),11
1982-01-01,1982,4,3,WHITE ALONE,[35 - 50K),15.6
1982-01-01,1982,5,3,WHITE ALONE,[50 - 75K),21.4
1982-01-01,1982,6,3,WHITE ALONE,[75 - 100K),13.1
1982-01-01,1982,7,3,WHITE ALONE,[100 - 150K),11
1982-01-01,1982,8,3,WHITE ALONE,[150 - 200K),2.9
1982-01-01,1982,9,3,WHITE ALONE,>= 200K,1.8
1983-01-01,1983,1,3,WHITE ALONE,< 15K,11.9
1983-01-01,1983,2,3,WHITE ALONE,[15 - 25K),11
1983-01-01,1983,3,3,WHITE ALONE,[25 - 35K),11.2
1983-01-01,1983,4,3,WHITE ALONE,[35 - 50K),15.5
1983-01-01,1983,5,3,WHITE ALONE,[50 - 75K),21.1
1983-01-01,1983,6,3,WHITE ALONE,[75 - 100K),13.5
1983-01-01,1983,7,3,WHITE ALONE,[100 - 150K),10.8
1983-01-01,1983,8,3,WHITE ALONE,[150 - 200K),3
1983-01-01,1983,9,3,WHITE ALONE,>= 200K,2
1984-01-01,1984,1,3,WHITE ALONE,< 15K,11.5
1984-01-01,1984,2,3,WHITE ALONE,[15 - 25K),10.9
1984-01-01,1984,3,3,WHITE ALONE,[25 - 35K),10.7
1984-01-01,1984,4,3,WHITE ALONE,[35 - 50K),15.1
1984-01-01,1984,5,3,WHITE ALONE,[50 - 75K),21
1984-01-01,1984,6,3,WHITE ALONE,[75 - 100K),13.7
1984-01-01,1984,7,3,WHITE ALONE,[100 - 150K),11.7
1984-01-01,1984,8,3,WHITE ALONE,[150 - 200K),3.3
1984-01-01,1984,9,3,WHITE ALONE,>= 200K,2.2
1985-01-01,1985,1,3,WHITE ALONE,< 15K,11.6
1985-01-01,1985,2,3,WHITE ALONE,[15 - 25K),10.5
1985-01-01,1985,3,3,WHITE ALONE,[25 - 35K),10.5
1985-01-01,1985,4,3,WHITE ALONE,[35 - 50K),14.7
1985-01-01,1985,5,3,WHITE ALONE,[50 - 75K),21
1985-01-01,1985,6,3,WHITE ALONE,[75 - 100K),13.5
1985-01-01,1985,7,3,WHITE ALONE,[100 - 150K),12.4
1985-01-01,1985,8,3,WHITE ALONE,[150 - 200K),3.4
1985-01-01,1985,9,3,WHITE ALONE,>= 200K,2.4
1986-01-01,1986,1,3,WHITE ALONE,< 15K,11.3
1986-01-01,1986,2,3,WHITE ALONE,[15 - 25K),9.9
1986-01-01,1986,3,3,WHITE ALONE,[25 - 35K),10.4
1986-01-01,1986,4,3,WHITE ALONE,[35 - 50K),14.1
1986-01-01,1986,5,3,WHITE ALONE,[50 - 75K),20.5
1986-01-01,1986,6,3,WHITE ALONE,[75 - 100K),14.1
1986-01-01,1986,7,3,WHITE ALONE,[100 - 150K),12.9
1986-01-01,1986,8,3,WHITE ALONE,[150 - 200K),4
1986-01-01,1986,9,3,WHITE ALONE,>= 200K,2.7
1987-01-01,1987,1,3,WHITE ALONE,< 15K,10.9
1987-01-01,1987,2,3,WHITE ALONE,[15 - 25K),10
1987-01-01,1987,3,3,WHITE ALONE,[25 - 35K),10
1987-01-01,1987,4,3,WHITE ALONE,[35 - 50K),14.1
1987-01-01,1987,5,3,WHITE ALONE,[50 - 75K),20.6
1987-01-01,1987,6,3,WHITE ALONE,[75 - 100K),14
1987-01-01,1987,7,3,WHITE ALONE,[100 - 150K),13.4
1987-01-01,1987,8,3,WHITE ALONE,[150 - 200K),4
1987-01-01,1987,9,3,WHITE ALONE,>= 200K,2.9
1988-01-01,1988,1,3,WHITE ALONE,< 15K,10.7
1988-01-01,1988,2,3,WHITE ALONE,[15 - 25K),9.8
1988-01-01,1988,3,3,WHITE ALONE,[25 - 35K),10
1988-01-01,1988,4,3,WHITE ALONE,[35 - 50K),14.3
1988-01-01,1988,5,3,WHITE ALONE,[50 - 75K),20.3
1988-01-01,1988,6,3,WHITE ALONE,[75 - 100K),14.3
1988-01-01,1988,7,3,WHITE ALONE,[100 - 150K),13.3
1988-01-01,1988,8,3,WHITE ALONE,[150 - 200K),4.2
1988-01-01,1988,9,3,WHITE ALONE,>= 200K,3.2
1989-01-01,1989,1,3,WHITE ALONE,< 15K,10
1989-01-01,1989,2,3,WHITE ALONE,[15 - 25K),10.2
1989-01-01,1989,3,3,WHITE ALONE,[25 - 35K),9.8
1989-01-01,1989,4,3,WHITE ALONE,[35 - 50K),14.3
1989-01-01,1989,5,3,WHITE ALONE,[50 - 75K),20.1
1989-01-01,1989,6,3,WHITE ALONE,[75 - 100K),14.3
1989-01-01,1989,7,3,WHITE ALONE,[100 - 150K),13.4
1989-01-01,1989,8,3,WHITE ALONE,[150 - 200K),4.6
1989-01-01,1989,9,3,WHITE ALONE,>= 200K,3.4
1990-01-01,1990,1,3,WHITE ALONE,< 15K,10.3
1990-01-01,1990,2,3,WHITE ALONE,[15 - 25K),10.2
1990-01-01,1990,3,3,WHITE ALONE,[25 - 35K),9.8
1990-01-01,1990,4,3,WHITE ALONE,[35 - 50K),14.8
1990-01-01,1990,5,3,WHITE ALONE,[50 - 75K),20.4
1990-01-01,1990,6,3,WHITE ALONE,[75 - 100K),13.9
1990-01-01,1990,7,3,WHITE ALONE,[100 - 150K),13.1
1990-01-01,1990,8,3,WHITE ALONE,[150 - 200K),4.3
1990-01-01,1990,9,3,WHITE ALONE,>= 200K,3.2
1991-01-01,1991,1,3,WHITE ALONE,< 15K,10.6
1991-01-01,1991,2,3,WHITE ALONE,[15 - 25K),10.7
1991-01-01,1991,3,3,WHITE ALONE,[25 - 35K),10.3
1991-01-01,1991,4,3,WHITE ALONE,[35 - 50K),14.7
1991-01-01,1991,5,3,WHITE ALONE,[50 - 75K),19.9
1991-01-01,1991,6,3,WHITE ALONE,[75 - 100K),13.7
1991-01-01,1991,7,3,WHITE ALONE,[100 - 150K),13.1
1991-01-01,1991,8,3,WHITE ALONE,[150 - 200K),4.3
1991-01-01,1991,9,3,WHITE ALONE,>= 200K,2.9
1992-01-01,1992,1,3,WHITE ALONE,< 15K,10.8
1992-01-01,1992,2,3,WHITE ALONE,[15 - 25K),10.8
1992-01-01,1992,3,3,WHITE ALONE,[25 - 35K),10.6
1992-01-01,1992,4,3,WHITE ALONE,[35 - 50K),14.1
1992-01-01,1992,5,3,WHITE ALONE,[50 - 75K),19.6
1992-01-01,1992,6,3,WHITE ALONE,[75 - 100K),13.9
1992-01-01,1992,7,3,WHITE ALONE,[100 - 150K),12.9
1992-01-01,1992,8,3,WHITE ALONE,[150 - 200K),4.2
1992-01-01,1992,9,3,WHITE ALONE,>= 200K,3.1
1993-01-01,1993,1,3,WHITE ALONE,< 15K,11
1993-01-01,1993,2,3,WHITE ALONE,[15 - 25K),10.9
1993-01-01,1993,3,3,WHITE ALONE,[25 - 35K),10.3
1993-01-01,1993,4,3,WHITE ALONE,[35 - 50K),14.6
1993-01-01,1993,5,3,WHITE ALONE,[50 - 75K),19
1993-01-01,1993,6,3,WHITE ALONE,[75 - 100K),13.4
1993-01-01,1993,7,3,WHITE ALONE,[100 - 150K),12.8
1993-01-01,1993,8,3,WHITE ALONE,[150 - 200K),4.4
1993-01-01,1993,9,3,WHITE ALONE,>= 200K,3.5
1994-01-01,1994,1,3,WHITE ALONE,< 15K,10.7
1994-01-01,1994,2,3,WHITE ALONE,[15 - 25K),11.1
1994-01-01,1994,3,3,WHITE ALONE,[25 - 35K),10.3
1994-01-01,1994,4,3,WHITE ALONE,[35 - 50K),14.2
1994-01-01,1994,5,3,WHITE ALONE,[50 - 75K),19.1
1994-01-01,1994,6,3,WHITE ALONE,[75 - 100K),13.1
1994-01-01,1994,7,3,WHITE ALONE,[100 - 150K),13.2
1994-01-01,1994,8,3,WHITE ALONE,[150 - 200K),4.5
1994-01-01,1994,9,3,WHITE ALONE,>= 200K,3.9
1995-01-01,1995,1,3,WHITE ALONE,< 15K,10
1995-01-01,1995,2,3,WHITE ALONE,[15 - 25K),10.8
1995-01-01,1995,3,3,WHITE ALONE,[25 - 35K),10.4
1995-01-01,1995,4,3,WHITE ALONE,[35 - 50K),13.8
1995-01-01,1995,5,3,WHITE ALONE,[50 - 75K),19.3
1995-01-01,1995,6,3,WHITE ALONE,[75 - 100K),13.6
1995-01-01,1995,7,3,WHITE ALONE,[100 - 150K),13.5
1995-01-01,1995,8,3,WHITE ALONE,[150 - 200K),4.7
1995-01-01,1995,9,3,WHITE ALONE,>= 200K,3.9
1996-01-01,1996,1,3,WHITE ALONE,< 15K,9.9
1996-01-01,1996,2,3,WHITE ALONE,[15 - 25K),10.8
1996-01-01,1996,3,3,WHITE ALONE,[25 - 35K),9.7
1996-01-01,1996,4,3,WHITE ALONE,[35 - 50K),14.2
1996-01-01,1996,5,3,WHITE ALONE,[50 - 75K),18.5
1996-01-01,1996,6,3,WHITE ALONE,[75 - 100K),14
1996-01-01,1996,7,3,WHITE ALONE,[100 - 150K),13.6
1996-01-01,1996,8,3,WHITE ALONE,[150 - 200K),5.1
1996-01-01,1996,9,3,WHITE ALONE,>= 200K,4.1
1997-01-01,1997,1,3,WHITE ALONE,< 15K,9.8
1997-01-01,1997,2,3,WHITE ALONE,[15 - 25K),10.2
1997-01-01,1997,3,3,WHITE ALONE,[25 - 35K),9.9
1997-01-01,1997,4,3,WHITE ALONE,[35 - 50K),13.5
1997-01-01,1997,5,3,WHITE ALONE,[50 - 75K),18.8
1997-01-01,1997,6,3,WHITE ALONE,[75 - 100K),13.6
1997-01-01,1997,7,3,WHITE ALONE,[100 - 150K),14.3
1997-01-01,1997,8,3,WHITE ALONE,[150 - 200K),5.3
1997-01-01,1997,9,3,WHITE ALONE,>= 200K,4.7
1998-01-01,1998,1,3,WHITE ALONE,< 15K,9.2
1998-01-01,1998,2,3,WHITE ALONE,[15 - 25K),9.7
1998-01-01,1998,3,3,WHITE ALONE,[25 - 35K),9.3
1998-01-01,1998,4,3,WHITE ALONE,[35 - 50K),13.6
1998-01-01,1998,5,3,WHITE ALONE,[50 - 75K),18.8
1998-01-01,1998,6,3,WHITE ALONE,[75 - 100K),13.6
1998-01-01,1998,7,3,WHITE ALONE,[100 - 150K),15.1
1998-01-01,1998,8,3,WHITE ALONE,[150 - 200K),5.6
1998-01-01,1998,9,3,WHITE ALONE,>= 200K,5
1999-01-01,1999,1,3,WHITE ALONE,< 15K,8.7
1999-01-01,1999,2,3,WHITE ALONE,[15 - 25K),9.8
1999-01-01,1999,3,3,WHITE ALONE,[25 - 35K),9.6
1999-01-01,1999,4,3,WHITE ALONE,[35 - 50K),13.2
1999-01-01,1999,5,3,WHITE ALONE,[50 - 75K),18.5
1999-01-01,1999,6,3,WHITE ALONE,[75 - 100K),13.4
1999-01-01,1999,7,3,WHITE ALONE,[100 - 150K),15.4
1999-01-01,1999,8,3,WHITE ALONE,[150 - 200K),5.7
1999-01-01,1999,9,3,WHITE ALONE,>= 200K,5.7
2000-01-01,2e3,1,3,WHITE ALONE,< 15K,9
2000-01-01,2e3,2,3,WHITE ALONE,[15 - 25K),9.5
2000-01-01,2e3,3,3,WHITE ALONE,[25 - 35K),9.6
2000-01-01,2e3,4,3,WHITE ALONE,[35 - 50K),13.1
2000-01-01,2e3,5,3,WHITE ALONE,[50 - 75K),18.2
2000-01-01,2e3,6,3,WHITE ALONE,[75 - 100K),13.5
2000-01-01,2e3,7,3,WHITE ALONE,[100 - 150K),15.3
2000-01-01,2e3,8,3,WHITE ALONE,[150 - 200K),6.1
2000-01-01,2e3,9,3,WHITE ALONE,>= 200K,5.6
2001-01-01,2001,1,3,WHITE ALONE,< 15K,9.2
2001-01-01,2001,2,3,WHITE ALONE,[15 - 25K),10
2001-01-01,2001,3,3,WHITE ALONE,[25 - 35K),9.5
2001-01-01,2001,4,3,WHITE ALONE,[35 - 50K),13.5
2001-01-01,2001,5,3,WHITE ALONE,[50 - 75K),18
2001-01-01,2001,6,3,WHITE ALONE,[75 - 100K),13.1
2001-01-01,2001,7,3,WHITE ALONE,[100 - 150K),15.4
2001-01-01,2001,8,3,WHITE ALONE,[150 - 200K),5.7
2001-01-01,2001,9,3,WHITE ALONE,>= 200K,5.7
2002-01-01,2002,1,3,WHITE ALONE,< 15K,9.5
2002-01-01,2002,2,3,WHITE ALONE,[15 - 25K),10
2002-01-01,2002,3,3,WHITE ALONE,[25 - 35K),9.9
2002-01-01,2002,4,3,WHITE ALONE,[35 - 50K),13
2002-01-01,2002,5,3,WHITE ALONE,[50 - 75K),18
2002-01-01,2002,6,3,WHITE ALONE,[75 - 100K),13.1
2002-01-01,2002,7,3,WHITE ALONE,[100 - 150K),15.6
2002-01-01,2002,8,3,WHITE ALONE,[150 - 200K),5.6
2002-01-01,2002,9,3,WHITE ALONE,>= 200K,5.4
2003-01-01,2003,1,3,WHITE ALONE,< 15K,9.6
2003-01-01,2003,2,3,WHITE ALONE,[15 - 25K),10.2
2003-01-01,2003,3,3,WHITE ALONE,[25 - 35K),9.6
2003-01-01,2003,4,3,WHITE ALONE,[35 - 50K),13.5
2003-01-01,2003,5,3,WHITE ALONE,[50 - 75K),17.7
2003-01-01,2003,6,3,WHITE ALONE,[75 - 100K),13.1
2003-01-01,2003,7,3,WHITE ALONE,[100 - 150K),14.9
2003-01-01,2003,8,3,WHITE ALONE,[150 - 200K),6
2003-01-01,2003,9,3,WHITE ALONE,>= 200K,5.5
2004-01-01,2004,1,3,WHITE ALONE,< 15K,9.7
2004-01-01,2004,2,3,WHITE ALONE,[15 - 25K),10
2004-01-01,2004,3,3,WHITE ALONE,[25 - 35K),10.2
2004-01-01,2004,4,3,WHITE ALONE,[35 - 50K),13.1
2004-01-01,2004,5,3,WHITE ALONE,[50 - 75K),17.9
2004-01-01,2004,6,3,WHITE ALONE,[75 - 100K),13.2
2004-01-01,2004,7,3,WHITE ALONE,[100 - 150K),14.7
2004-01-01,2004,8,3,WHITE ALONE,[150 - 200K),6
2004-01-01,2004,9,3,WHITE ALONE,>= 200K,5.3
2005-01-01,2005,1,3,WHITE ALONE,< 15K,9.6
2005-01-01,2005,2,3,WHITE ALONE,[15 - 25K),10.1
2005-01-01,2005,3,3,WHITE ALONE,[25 - 35K),9.5
2005-01-01,2005,4,3,WHITE ALONE,[35 - 50K),13.5
2005-01-01,2005,5,3,WHITE ALONE,[50 - 75K),18.1
2005-01-01,2005,6,3,WHITE ALONE,[75 - 100K),13.1
2005-01-01,2005,7,3,WHITE ALONE,[100 - 150K),14.4
2005-01-01,2005,8,3,WHITE ALONE,[150 - 200K),5.9
2005-01-01,2005,9,3,WHITE ALONE,>= 200K,5.6
2006-01-01,2006,1,3,WHITE ALONE,< 15K,9.3
2006-01-01,2006,2,3,WHITE ALONE,[15 - 25K),9.8
2006-01-01,2006,3,3,WHITE ALONE,[25 - 35K),9.4
2006-01-01,2006,4,3,WHITE ALONE,[35 - 50K),13.9
2006-01-01,2006,5,3,WHITE ALONE,[50 - 75K),17.9
2006-01-01,2006,6,3,WHITE ALONE,[75 - 100K),12.9
2006-01-01,2006,7,3,WHITE ALONE,[100 - 150K),14.9
2006-01-01,2006,8,3,WHITE ALONE,[150 - 200K),6.1
2006-01-01,2006,9,3,WHITE ALONE,>= 200K,5.8
2007-01-01,2007,1,3,WHITE ALONE,< 15K,9.2
2007-01-01,2007,2,3,WHITE ALONE,[15 - 25K),10.2
2007-01-01,2007,3,3,WHITE ALONE,[25 - 35K),9.9
2007-01-01,2007,4,3,WHITE ALONE,[35 - 50K),12.8
2007-01-01,2007,5,3,WHITE ALONE,[50 - 75K),17.6
2007-01-01,2007,6,3,WHITE ALONE,[75 - 100K),13.1
2007-01-01,2007,7,3,WHITE ALONE,[100 - 150K),15.1
2007-01-01,2007,8,3,WHITE ALONE,[150 - 200K),6.3
2007-01-01,2007,9,3,WHITE ALONE,>= 200K,5.8
2008-01-01,2008,1,3,WHITE ALONE,< 15K,9.9
2008-01-01,2008,2,3,WHITE ALONE,[15 - 25K),10.3
2008-01-01,2008,3,3,WHITE ALONE,[25 - 35K),10
2008-01-01,2008,4,3,WHITE ALONE,[35 - 50K),12.9
2008-01-01,2008,5,3,WHITE ALONE,[50 - 75K),17.9
2008-01-01,2008,6,3,WHITE ALONE,[75 - 100K),12.9
2008-01-01,2008,7,3,WHITE ALONE,[100 - 150K),14.7
2008-01-01,2008,8,3,WHITE ALONE,[150 - 200K),5.9
2008-01-01,2008,9,3,WHITE ALONE,>= 200K,5.4
2009-01-01,2009,1,3,WHITE ALONE,< 15K,9.8
2009-01-01,2009,2,3,WHITE ALONE,[15 - 25K),10.3
2009-01-01,2009,3,3,WHITE ALONE,[25 - 35K),10.2
2009-01-01,2009,4,3,WHITE ALONE,[35 - 50K),13.2
2009-01-01,2009,5,3,WHITE ALONE,[50 - 75K),18.3
2009-01-01,2009,6,3,WHITE ALONE,[75 - 100K),12.4
2009-01-01,2009,7,3,WHITE ALONE,[100 - 150K),14.5
2009-01-01,2009,8,3,WHITE ALONE,[150 - 200K),5.8
2009-01-01,2009,9,3,WHITE ALONE,>= 200K,5.4
2010-01-01,2010,1,3,WHITE ALONE,< 15K,10.4
2010-01-01,2010,2,3,WHITE ALONE,[15 - 25K),10.9
2010-01-01,2010,3,3,WHITE ALONE,[25 - 35K),10.1
2010-01-01,2010,4,3,WHITE ALONE,[35 - 50K),13.4
2010-01-01,2010,5,3,WHITE ALONE,[50 - 75K),17.4
2010-01-01,2010,6,3,WHITE ALONE,[75 - 100K),12.7
2010-01-01,2010,7,3,WHITE ALONE,[100 - 150K),14
2010-01-01,2010,8,3,WHITE ALONE,[150 - 200K),5.8
2010-01-01,2010,9,3,WHITE ALONE,>= 200K,5.3
2011-01-01,2011,1,3,WHITE ALONE,< 15K,10.7
2011-01-01,2011,2,3,WHITE ALONE,[15 - 25K),10.4
2011-01-01,2011,3,3,WHITE ALONE,[25 - 35K),10.5
2011-01-01,2011,4,3,WHITE ALONE,[35 - 50K),13.7
2011-01-01,2011,5,3,WHITE ALONE,[50 - 75K),17.9
2011-01-01,2011,6,3,WHITE ALONE,[75 - 100K),12.1
2011-01-01,2011,7,3,WHITE ALONE,[100 - 150K),13.5
2011-01-01,2011,8,3,WHITE ALONE,[150 - 200K),5.9
2011-01-01,2011,9,3,WHITE ALONE,>= 200K,5.3
2012-01-01,2012,1,3,WHITE ALONE,< 15K,10.5
2012-01-01,2012,2,3,WHITE ALONE,[15 - 25K),10.7
2012-01-01,2012,3,3,WHITE ALONE,[25 - 35K),10.6
2012-01-01,2012,4,3,WHITE ALONE,[35 - 50K),13.1
2012-01-01,2012,5,3,WHITE ALONE,[50 - 75K),18
2012-01-01,2012,6,3,WHITE ALONE,[75 - 100K),12.5
2012-01-01,2012,7,3,WHITE ALONE,[100 - 150K),13.6
2012-01-01,2012,8,3,WHITE ALONE,[150 - 200K),5.7
2012-01-01,2012,9,3,WHITE ALONE,>= 200K,5.4
2013-01-01,2013,1,3,WHITE ALONE,< 15K,10.8
2013-01-01,2013,2,3,WHITE ALONE,[15 - 25K),10.8
2013-01-01,2013,3,3,WHITE ALONE,[25 - 35K),9.3
2013-01-01,2013,4,3,WHITE ALONE,[35 - 50K),12.8
2013-01-01,2013,5,3,WHITE ALONE,[50 - 75K),17.4
2013-01-01,2013,6,3,WHITE ALONE,[75 - 100K),12.8
2013-01-01,2013,7,3,WHITE ALONE,[100 - 150K),13.4
2013-01-01,2013,8,3,WHITE ALONE,[150 - 200K),6.5
2013-01-01,2013,9,3,WHITE ALONE,>= 200K,6.2
2014-01-01,2014,1,3,WHITE ALONE,< 15K,10.8
2014-01-01,2014,2,3,WHITE ALONE,[15 - 25K),10.5
2014-01-01,2014,3,3,WHITE ALONE,[25 - 35K),9.7
2014-01-01,2014,4,3,WHITE ALONE,[35 - 50K),13
2014-01-01,2014,5,3,WHITE ALONE,[50 - 75K),17.3
2014-01-01,2014,6,3,WHITE ALONE,[75 - 100K),12.2
2014-01-01,2014,7,3,WHITE ALONE,[100 - 150K),14.1
2014-01-01,2014,8,3,WHITE ALONE,[150 - 200K),6.1
2014-01-01,2014,9,3,WHITE ALONE,>= 200K,6.2
2015-01-01,2015,1,3,WHITE ALONE,< 15K,9.8
2015-01-01,2015,2,3,WHITE ALONE,[15 - 25K),10.1
2015-01-01,2015,3,3,WHITE ALONE,[25 - 35K),9.8
2015-01-01,2015,4,3,WHITE ALONE,[35 - 50K),12.6
2015-01-01,2015,5,3,WHITE ALONE,[50 - 75K),16.8
2015-01-01,2015,6,3,WHITE ALONE,[75 - 100K),12.6
2015-01-01,2015,7,3,WHITE ALONE,[100 - 150K),15.1
2015-01-01,2015,8,3,WHITE ALONE,[150 - 200K),6.6
2015-01-01,2015,9,3,WHITE ALONE,>= 200K,6.6
2016-01-01,2016,1,3,WHITE ALONE,< 15K,9.6
2016-01-01,2016,2,3,WHITE ALONE,[15 - 25K),9.1
2016-01-01,2016,3,3,WHITE ALONE,[25 - 35K),9.2
2016-01-01,2016,4,3,WHITE ALONE,[35 - 50K),12.9
2016-01-01,2016,5,3,WHITE ALONE,[50 - 75K),17.2
2016-01-01,2016,6,3,WHITE ALONE,[75 - 100K),12.7
2016-01-01,2016,7,3,WHITE ALONE,[100 - 150K),14.9
2016-01-01,2016,8,3,WHITE ALONE,[150 - 200K),7
2016-01-01,2016,9,3,WHITE ALONE,>= 200K,7.4
1987-01-01,1987,1,4,ASIAN ALONE,< 15K,10.4
1987-01-01,1987,2,4,ASIAN ALONE,[15 - 25K),11
1987-01-01,1987,3,4,ASIAN ALONE,[25 - 35K),7.8
1987-01-01,1987,4,4,ASIAN ALONE,[35 - 50K),10.6
1987-01-01,1987,5,4,ASIAN ALONE,[50 - 75K),18.6
1987-01-01,1987,6,4,ASIAN ALONE,[75 - 100K),13.3
1987-01-01,1987,7,4,ASIAN ALONE,[100 - 150K),17.2
1987-01-01,1987,8,4,ASIAN ALONE,[150 - 200K),7.4
1987-01-01,1987,9,4,ASIAN ALONE,>= 200K,3.6
1988-01-01,1988,1,4,ASIAN ALONE,< 15K,8.6
1988-01-01,1988,2,4,ASIAN ALONE,[15 - 25K),10.3
1988-01-01,1988,3,4,ASIAN ALONE,[25 - 35K),8.7
1988-01-01,1988,4,4,ASIAN ALONE,[35 - 50K),11.8
1988-01-01,1988,5,4,ASIAN ALONE,[50 - 75K),18.9
1988-01-01,1988,6,4,ASIAN ALONE,[75 - 100K),14.3
1988-01-01,1988,7,4,ASIAN ALONE,[100 - 150K),15.7
1988-01-01,1988,8,4,ASIAN ALONE,[150 - 200K),6.9
1988-01-01,1988,9,4,ASIAN ALONE,>= 200K,4.8
1989-01-01,1989,1,4,ASIAN ALONE,< 15K,8.7
1989-01-01,1989,2,4,ASIAN ALONE,[15 - 25K),7.6
1989-01-01,1989,3,4,ASIAN ALONE,[25 - 35K),7.5
1989-01-01,1989,4,4,ASIAN ALONE,[35 - 50K),11.9
1989-01-01,1989,5,4,ASIAN ALONE,[50 - 75K),20.1
1989-01-01,1989,6,4,ASIAN ALONE,[75 - 100K),15
1989-01-01,1989,7,4,ASIAN ALONE,[100 - 150K),17
1989-01-01,1989,8,4,ASIAN ALONE,[150 - 200K),5.9
1989-01-01,1989,9,4,ASIAN ALONE,>= 200K,6.3
1990-01-01,1990,1,4,ASIAN ALONE,< 15K,9.3
1990-01-01,1990,2,4,ASIAN ALONE,[15 - 25K),7.7
1990-01-01,1990,3,4,ASIAN ALONE,[25 - 35K),8.3
1990-01-01,1990,4,4,ASIAN ALONE,[35 - 50K),11.9
1990-01-01,1990,5,4,ASIAN ALONE,[50 - 75K),18.2
1990-01-01,1990,6,4,ASIAN ALONE,[75 - 100K),14.6
1990-01-01,1990,7,4,ASIAN ALONE,[100 - 150K),17.7
1990-01-01,1990,8,4,ASIAN ALONE,[150 - 200K),7
1990-01-01,1990,9,4,ASIAN ALONE,>= 200K,5.2
1991-01-01,1991,1,4,ASIAN ALONE,< 15K,10.9
1991-01-01,1991,2,4,ASIAN ALONE,[15 - 25K),8
1991-01-01,1991,3,4,ASIAN ALONE,[25 - 35K),9.5
1991-01-01,1991,4,4,ASIAN ALONE,[35 - 50K),12
1991-01-01,1991,5,4,ASIAN ALONE,[50 - 75K),17.8
1991-01-01,1991,6,4,ASIAN ALONE,[75 - 100K),13.9
1991-01-01,1991,7,4,ASIAN ALONE,[100 - 150K),15.5
1991-01-01,1991,8,4,ASIAN ALONE,[150 - 200K),7.3
1991-01-01,1991,9,4,ASIAN ALONE,>= 200K,4.9
1992-01-01,1992,1,4,ASIAN ALONE,< 15K,10.7
1992-01-01,1992,2,4,ASIAN ALONE,[15 - 25K),8.6
1992-01-01,1992,3,4,ASIAN ALONE,[25 - 35K),9.2
1992-01-01,1992,4,4,ASIAN ALONE,[35 - 50K),10.1
1992-01-01,1992,5,4,ASIAN ALONE,[50 - 75K),19.4
1992-01-01,1992,6,4,ASIAN ALONE,[75 - 100K),14.2
1992-01-01,1992,7,4,ASIAN ALONE,[100 - 150K),16.8
1992-01-01,1992,8,4,ASIAN ALONE,[150 - 200K),6.2
1992-01-01,1992,9,4,ASIAN ALONE,>= 200K,4.8
1993-01-01,1993,1,4,ASIAN ALONE,< 15K,13
1993-01-01,1993,2,4,ASIAN ALONE,[15 - 25K),8.8
1993-01-01,1993,3,4,ASIAN ALONE,[25 - 35K),9.1
1993-01-01,1993,4,4,ASIAN ALONE,[35 - 50K),11.2
1993-01-01,1993,5,4,ASIAN ALONE,[50 - 75K),15.1
1993-01-01,1993,6,4,ASIAN ALONE,[75 - 100K),13.8
1993-01-01,1993,7,4,ASIAN ALONE,[100 - 150K),17.7
1993-01-01,1993,8,4,ASIAN ALONE,[150 - 200K),6.4
1993-01-01,1993,9,4,ASIAN ALONE,>= 200K,4.8
1994-01-01,1994,1,4,ASIAN ALONE,< 15K,10.4
1994-01-01,1994,2,4,ASIAN ALONE,[15 - 25K),9.6
1994-01-01,1994,3,4,ASIAN ALONE,[25 - 35K),6.9
1994-01-01,1994,4,4,ASIAN ALONE,[35 - 50K),12.9
1994-01-01,1994,5,4,ASIAN ALONE,[50 - 75K),17.2
1994-01-01,1994,6,4,ASIAN ALONE,[75 - 100K),13.9
1994-01-01,1994,7,4,ASIAN ALONE,[100 - 150K),16.6
1994-01-01,1994,8,4,ASIAN ALONE,[150 - 200K),6.6
1994-01-01,1994,9,4,ASIAN ALONE,>= 200K,5.9
1995-01-01,1995,1,4,ASIAN ALONE,< 15K,10.7
1995-01-01,1995,2,4,ASIAN ALONE,[15 - 25K),9.5
1995-01-01,1995,3,4,ASIAN ALONE,[25 - 35K),6.5
1995-01-01,1995,4,4,ASIAN ALONE,[35 - 50K),12.3
1995-01-01,1995,5,4,ASIAN ALONE,[50 - 75K),19
1995-01-01,1995,6,4,ASIAN ALONE,[75 - 100K),14.3
1995-01-01,1995,7,4,ASIAN ALONE,[100 - 150K),15.7
1995-01-01,1995,8,4,ASIAN ALONE,[150 - 200K),5.9
1995-01-01,1995,9,4,ASIAN ALONE,>= 200K,6.2
1996-01-01,1996,1,4,ASIAN ALONE,< 15K,10.9
1996-01-01,1996,2,4,ASIAN ALONE,[15 - 25K),7.4
1996-01-01,1996,3,4,ASIAN ALONE,[25 - 35K),7.6
1996-01-01,1996,4,4,ASIAN ALONE,[35 - 50K),11.3
1996-01-01,1996,5,4,ASIAN ALONE,[50 - 75K),19.3
1996-01-01,1996,6,4,ASIAN ALONE,[75 - 100K),12.5
1996-01-01,1996,7,4,ASIAN ALONE,[100 - 150K),17.5
1996-01-01,1996,8,4,ASIAN ALONE,[150 - 200K),8.3
1996-01-01,1996,9,4,ASIAN ALONE,>= 200K,5
1997-01-01,1997,1,4,ASIAN ALONE,< 15K,10.3
1997-01-01,1997,2,4,ASIAN ALONE,[15 - 25K),7.6
1997-01-01,1997,3,4,ASIAN ALONE,[25 - 35K),7.2
1997-01-01,1997,4,4,ASIAN ALONE,[35 - 50K),10.6
1997-01-01,1997,5,4,ASIAN ALONE,[50 - 75K),19.2
1997-01-01,1997,6,4,ASIAN ALONE,[75 - 100K),14.3
1997-01-01,1997,7,4,ASIAN ALONE,[100 - 150K),16.5
1997-01-01,1997,8,4,ASIAN ALONE,[150 - 200K),8.3
1997-01-01,1997,9,4,ASIAN ALONE,>= 200K,6
1998-01-01,1998,1,4,ASIAN ALONE,< 15K,9.5
1998-01-01,1998,2,4,ASIAN ALONE,[15 - 25K),7.8
1998-01-01,1998,3,4,ASIAN ALONE,[25 - 35K),7
1998-01-01,1998,4,4,ASIAN ALONE,[35 - 50K),11.9
1998-01-01,1998,5,4,ASIAN ALONE,[50 - 75K),18.7
1998-01-01,1998,6,4,ASIAN ALONE,[75 - 100K),12.1
1998-01-01,1998,7,4,ASIAN ALONE,[100 - 150K),19
1998-01-01,1998,8,4,ASIAN ALONE,[150 - 200K),7.5
1998-01-01,1998,9,4,ASIAN ALONE,>= 200K,6.5
1999-01-01,1999,1,4,ASIAN ALONE,< 15K,9.4
1999-01-01,1999,2,4,ASIAN ALONE,[15 - 25K),6.9
1999-01-01,1999,3,4,ASIAN ALONE,[25 - 35K),7
1999-01-01,1999,4,4,ASIAN ALONE,[35 - 50K),10.7
1999-01-01,1999,5,4,ASIAN ALONE,[50 - 75K),17.1
1999-01-01,1999,6,4,ASIAN ALONE,[75 - 100K),12.8
1999-01-01,1999,7,4,ASIAN ALONE,[100 - 150K),16.9
1999-01-01,1999,8,4,ASIAN ALONE,[150 - 200K),9.3
1999-01-01,1999,9,4,ASIAN ALONE,>= 200K,9.9
2000-01-01,2e3,1,4,ASIAN ALONE,< 15K,8.1
2000-01-01,2e3,2,4,ASIAN ALONE,[15 - 25K),6.5
2000-01-01,2e3,3,4,ASIAN ALONE,[25 - 35K),7.4
2000-01-01,2e3,4,4,ASIAN ALONE,[35 - 50K),10.7
2000-01-01,2e3,5,4,ASIAN ALONE,[50 - 75K),15.8
2000-01-01,2e3,6,4,ASIAN ALONE,[75 - 100K),14.1
2000-01-01,2e3,7,4,ASIAN ALONE,[100 - 150K),18.4
2000-01-01,2e3,8,4,ASIAN ALONE,[150 - 200K),9.7
2000-01-01,2e3,9,4,ASIAN ALONE,>= 200K,9.3
2001-01-01,2001,1,4,ASIAN ALONE,< 15K,9.3
2001-01-01,2001,2,4,ASIAN ALONE,[15 - 25K),6.8
2001-01-01,2001,3,4,ASIAN ALONE,[25 - 35K),7.4
2001-01-01,2001,4,4,ASIAN ALONE,[35 - 50K),11.5
2001-01-01,2001,5,4,ASIAN ALONE,[50 - 75K),16.5
2001-01-01,2001,6,4,ASIAN ALONE,[75 - 100K),13.6
2001-01-01,2001,7,4,ASIAN ALONE,[100 - 150K),17.6
2001-01-01,2001,8,4,ASIAN ALONE,[150 - 200K),8.6
2001-01-01,2001,9,4,ASIAN ALONE,>= 200K,8.7
2002-01-01,2002,1,4,ASIAN ALONE,< 15K,9
2002-01-01,2002,2,4,ASIAN ALONE,[15 - 25K),7.2
2002-01-01,2002,3,4,ASIAN ALONE,[25 - 35K),8.1
2002-01-01,2002,4,4,ASIAN ALONE,[35 - 50K),11.6
2002-01-01,2002,5,4,ASIAN ALONE,[50 - 75K),17.3
2002-01-01,2002,6,4,ASIAN ALONE,[75 - 100K),12.1
2002-01-01,2002,7,4,ASIAN ALONE,[100 - 150K),18.3
2002-01-01,2002,8,4,ASIAN ALONE,[150 - 200K),8.1
2002-01-01,2002,9,4,ASIAN ALONE,>= 200K,8.4
2003-01-01,2003,1,4,ASIAN ALONE,< 15K,12
2003-01-01,2003,2,4,ASIAN ALONE,[15 - 25K),8.3
2003-01-01,2003,3,4,ASIAN ALONE,[25 - 35K),5.7
2003-01-01,2003,4,4,ASIAN ALONE,[35 - 50K),9
2003-01-01,2003,5,4,ASIAN ALONE,[50 - 75K),16.7
2003-01-01,2003,6,4,ASIAN ALONE,[75 - 100K),13.8
2003-01-01,2003,7,4,ASIAN ALONE,[100 - 150K),17.4
2003-01-01,2003,8,4,ASIAN ALONE,[150 - 200K),9.1
2003-01-01,2003,9,4,ASIAN ALONE,>= 200K,8.1
2004-01-01,2004,1,4,ASIAN ALONE,< 15K,9.1
2004-01-01,2004,2,4,ASIAN ALONE,[15 - 25K),7
2004-01-01,2004,3,4,ASIAN ALONE,[25 - 35K),7.8
2004-01-01,2004,4,4,ASIAN ALONE,[35 - 50K),9.5
2004-01-01,2004,5,4,ASIAN ALONE,[50 - 75K),17.8
2004-01-01,2004,6,4,ASIAN ALONE,[75 - 100K),13.5
2004-01-01,2004,7,4,ASIAN ALONE,[100 - 150K),17.7
2004-01-01,2004,8,4,ASIAN ALONE,[150 - 200K),9
2004-01-01,2004,9,4,ASIAN ALONE,>= 200K,8.7
2005-01-01,2005,1,4,ASIAN ALONE,< 15K,10
2005-01-01,2005,2,4,ASIAN ALONE,[15 - 25K),7.3
2005-01-01,2005,3,4,ASIAN ALONE,[25 - 35K),6.6
2005-01-01,2005,4,4,ASIAN ALONE,[35 - 50K),9.2
2005-01-01,2005,5,4,ASIAN ALONE,[50 - 75K),17.5
2005-01-01,2005,6,4,ASIAN ALONE,[75 - 100K),12.5
2005-01-01,2005,7,4,ASIAN ALONE,[100 - 150K),18.6
2005-01-01,2005,8,4,ASIAN ALONE,[150 - 200K),8.4
2005-01-01,2005,9,4,ASIAN ALONE,>= 200K,9.9
2006-01-01,2006,1,4,ASIAN ALONE,< 15K,8.8
2006-01-01,2006,2,4,ASIAN ALONE,[15 - 25K),6.7
2006-01-01,2006,3,4,ASIAN ALONE,[25 - 35K),7.1
2006-01-01,2006,4,4,ASIAN ALONE,[35 - 50K),10.2
2006-01-01,2006,5,4,ASIAN ALONE,[50 - 75K),16.8
2006-01-01,2006,6,4,ASIAN ALONE,[75 - 100K),12.3
2006-01-01,2006,7,4,ASIAN ALONE,[100 - 150K),18.1
2006-01-01,2006,8,4,ASIAN ALONE,[150 - 200K),10.4
2006-01-01,2006,9,4,ASIAN ALONE,>= 200K,9.5
2007-01-01,2007,1,4,ASIAN ALONE,< 15K,8.8
2007-01-01,2007,2,4,ASIAN ALONE,[15 - 25K),7.4
2007-01-01,2007,3,4,ASIAN ALONE,[25 - 35K),7.8
2007-01-01,2007,4,4,ASIAN ALONE,[35 - 50K),9.1
2007-01-01,2007,5,4,ASIAN ALONE,[50 - 75K),16.1
2007-01-01,2007,6,4,ASIAN ALONE,[75 - 100K),12.8
2007-01-01,2007,7,4,ASIAN ALONE,[100 - 150K),18.9
2007-01-01,2007,8,4,ASIAN ALONE,[150 - 200K),9.8
2007-01-01,2007,9,4,ASIAN ALONE,>= 200K,9.3
2008-01-01,2008,1,4,ASIAN ALONE,< 15K,10.8
2008-01-01,2008,2,4,ASIAN ALONE,[15 - 25K),7.6
2008-01-01,2008,3,4,ASIAN ALONE,[25 - 35K),7.2
2008-01-01,2008,4,4,ASIAN ALONE,[35 - 50K),10.7
2008-01-01,2008,5,4,ASIAN ALONE,[50 - 75K),15
2008-01-01,2008,6,4,ASIAN ALONE,[75 - 100K),11.9
2008-01-01,2008,7,4,ASIAN ALONE,[100 - 150K),18.3
2008-01-01,2008,8,4,ASIAN ALONE,[150 - 200K),9.4
2008-01-01,2008,9,4,ASIAN ALONE,>= 200K,9.1
2009-01-01,2009,1,4,ASIAN ALONE,< 15K,10.7
2009-01-01,2009,2,4,ASIAN ALONE,[15 - 25K),6.9
2009-01-01,2009,3,4,ASIAN ALONE,[25 - 35K),8.2
2009-01-01,2009,4,4,ASIAN ALONE,[35 - 50K),9.3
2009-01-01,2009,5,4,ASIAN ALONE,[50 - 75K),16.3
2009-01-01,2009,6,4,ASIAN ALONE,[75 - 100K),11.6
2009-01-01,2009,7,4,ASIAN ALONE,[100 - 150K),17.6
2009-01-01,2009,8,4,ASIAN ALONE,[150 - 200K),9.3
2009-01-01,2009,9,4,ASIAN ALONE,>= 200K,10.1
2010-01-01,2010,1,4,ASIAN ALONE,< 15K,10.1
2010-01-01,2010,2,4,ASIAN ALONE,[15 - 25K),8.3
2010-01-01,2010,3,4,ASIAN ALONE,[25 - 35K),7.5
2010-01-01,2010,4,4,ASIAN ALONE,[35 - 50K),9.7
2010-01-01,2010,5,4,ASIAN ALONE,[50 - 75K),17.3
2010-01-01,2010,6,4,ASIAN ALONE,[75 - 100K),11.7
2010-01-01,2010,7,4,ASIAN ALONE,[100 - 150K),16.6
2010-01-01,2010,8,4,ASIAN ALONE,[150 - 200K),9.9
2010-01-01,2010,9,4,ASIAN ALONE,>= 200K,8.9
2011-01-01,2011,1,4,ASIAN ALONE,< 15K,9.7
2011-01-01,2011,2,4,ASIAN ALONE,[15 - 25K),8.6
2011-01-01,2011,3,4,ASIAN ALONE,[25 - 35K),8
2011-01-01,2011,4,4,ASIAN ALONE,[35 - 50K),10.4
2011-01-01,2011,5,4,ASIAN ALONE,[50 - 75K),17.2
2011-01-01,2011,6,4,ASIAN ALONE,[75 - 100K),12.7
2011-01-01,2011,7,4,ASIAN ALONE,[100 - 150K),17.7
2011-01-01,2011,8,4,ASIAN ALONE,[150 - 200K),7.8
2011-01-01,2011,9,4,ASIAN ALONE,>= 200K,7.9
2012-01-01,2012,1,4,ASIAN ALONE,< 15K,10.1
2012-01-01,2012,2,4,ASIAN ALONE,[15 - 25K),6.7
2012-01-01,2012,3,4,ASIAN ALONE,[25 - 35K),7.8
2012-01-01,2012,4,4,ASIAN ALONE,[35 - 50K),10.1
2012-01-01,2012,5,4,ASIAN ALONE,[50 - 75K),17.3
2012-01-01,2012,6,4,ASIAN ALONE,[75 - 100K),13.1
2012-01-01,2012,7,4,ASIAN ALONE,[100 - 150K),16.5
2012-01-01,2012,8,4,ASIAN ALONE,[150 - 200K),9.2
2012-01-01,2012,9,4,ASIAN ALONE,>= 200K,9.1
2013-01-01,2013,1,4,ASIAN ALONE,< 15K,10.4
2013-01-01,2013,2,4,ASIAN ALONE,[15 - 25K),7.9
2013-01-01,2013,3,4,ASIAN ALONE,[25 - 35K),4.6
2013-01-01,2013,4,4,ASIAN ALONE,[35 - 50K),10.9
2013-01-01,2013,5,4,ASIAN ALONE,[50 - 75K),16.5
2013-01-01,2013,6,4,ASIAN ALONE,[75 - 100K),12.3
2013-01-01,2013,7,4,ASIAN ALONE,[100 - 150K),17.2
2013-01-01,2013,8,4,ASIAN ALONE,[150 - 200K),8.4
2013-01-01,2013,9,4,ASIAN ALONE,>= 200K,11.8
2014-01-01,2014,1,4,ASIAN ALONE,< 15K,10.3
2014-01-01,2014,2,4,ASIAN ALONE,[15 - 25K),6.9
2014-01-01,2014,3,4,ASIAN ALONE,[25 - 35K),7.7
2014-01-01,2014,4,4,ASIAN ALONE,[35 - 50K),9.7
2014-01-01,2014,5,4,ASIAN ALONE,[50 - 75K),15.4
2014-01-01,2014,6,4,ASIAN ALONE,[75 - 100K),11.9
2014-01-01,2014,7,4,ASIAN ALONE,[100 - 150K),18.3
2014-01-01,2014,8,4,ASIAN ALONE,[150 - 200K),9.9
2014-01-01,2014,9,4,ASIAN ALONE,>= 200K,10
2015-01-01,2015,1,4,ASIAN ALONE,< 15K,9.6
2015-01-01,2015,2,4,ASIAN ALONE,[15 - 25K),6.8
2015-01-01,2015,3,4,ASIAN ALONE,[25 - 35K),6.2
2015-01-01,2015,4,4,ASIAN ALONE,[35 - 50K),10.1
2015-01-01,2015,5,4,ASIAN ALONE,[50 - 75K),15.2
2015-01-01,2015,6,4,ASIAN ALONE,[75 - 100K),12.1
2015-01-01,2015,7,4,ASIAN ALONE,[100 - 150K),17
2015-01-01,2015,8,4,ASIAN ALONE,[150 - 200K),10.6
2015-01-01,2015,9,4,ASIAN ALONE,>= 200K,12.4
2016-01-01,2016,1,4,ASIAN ALONE,< 15K,9
2016-01-01,2016,2,4,ASIAN ALONE,[15 - 25K),6.5
2016-01-01,2016,3,4,ASIAN ALONE,[25 - 35K),6.2
2016-01-01,2016,4,4,ASIAN ALONE,[35 - 50K),8.6
2016-01-01,2016,5,4,ASIAN ALONE,[50 - 75K),15.3
2016-01-01,2016,6,4,ASIAN ALONE,[75 - 100K),13.5
2016-01-01,2016,7,4,ASIAN ALONE,[100 - 150K),17.3
2016-01-01,2016,8,4,ASIAN ALONE,[150 - 200K),11
2016-01-01,2016,9,4,ASIAN ALONE,>= 200K,12.6
1967-01-01,1967,1,5,ALL RACES,< 15K,15.7
1967-01-01,1967,2,5,ALL RACES,[15 - 25K),10.7
1967-01-01,1967,3,5,ALL RACES,[25 - 35K),11.8
1967-01-01,1967,4,5,ALL RACES,[35 - 50K),18.1
1967-01-01,1967,5,5,ALL RACES,[50 - 75K),23.9
1967-01-01,1967,6,5,ALL RACES,[75 - 100K),11.2
1967-01-01,1967,7,5,ALL RACES,[100 - 150K),6.1
1967-01-01,1967,8,5,ALL RACES,[150 - 200K),1.4
1967-01-01,1967,9,5,ALL RACES,>= 200K,1
1968-01-01,1968,1,5,ALL RACES,< 15K,14.4
1968-01-01,1968,2,5,ALL RACES,[15 - 25K),11
1968-01-01,1968,3,5,ALL RACES,[25 - 35K),10.7
1968-01-01,1968,4,5,ALL RACES,[35 - 50K),18.6
1968-01-01,1968,5,5,ALL RACES,[50 - 75K),24.2
1968-01-01,1968,6,5,ALL RACES,[75 - 100K),12.1
1968-01-01,1968,7,5,ALL RACES,[100 - 150K),6.7
1968-01-01,1968,8,5,ALL RACES,[150 - 200K),1.4
1968-01-01,1968,9,5,ALL RACES,>= 200K,0.9
1969-01-01,1969,1,5,ALL RACES,< 15K,14.1
1969-01-01,1969,2,5,ALL RACES,[15 - 25K),10.5
1969-01-01,1969,3,5,ALL RACES,[25 - 35K),10.5
1969-01-01,1969,4,5,ALL RACES,[35 - 50K),17.1
1969-01-01,1969,5,5,ALL RACES,[50 - 75K),24.1
1969-01-01,1969,6,5,ALL RACES,[75 - 100K),13
1969-01-01,1969,7,5,ALL RACES,[100 - 150K),7.9
1969-01-01,1969,8,5,ALL RACES,[150 - 200K),1.6
1969-01-01,1969,9,5,ALL RACES,>= 200K,1.1
1970-01-01,1970,1,5,ALL RACES,< 15K,14.3
1970-01-01,1970,2,5,ALL RACES,[15 - 25K),10.6
1970-01-01,1970,3,5,ALL RACES,[25 - 35K),10.7
1970-01-01,1970,4,5,ALL RACES,[35 - 50K),16.9
1970-01-01,1970,5,5,ALL RACES,[50 - 75K),23.8
1970-01-01,1970,6,5,ALL RACES,[75 - 100K),12.7
1970-01-01,1970,7,5,ALL RACES,[100 - 150K),8.1
1970-01-01,1970,8,5,ALL RACES,[150 - 200K),1.7
1970-01-01,1970,9,5,ALL RACES,>= 200K,1.2
1971-01-01,1971,1,5,ALL RACES,< 15K,14.3
1971-01-01,1971,2,5,ALL RACES,[15 - 25K),10.9
1971-01-01,1971,3,5,ALL RACES,[25 - 35K),11
1971-01-01,1971,4,5,ALL RACES,[35 - 50K),16.4
1971-01-01,1971,5,5,ALL RACES,[50 - 75K),23.7
1971-01-01,1971,6,5,ALL RACES,[75 - 100K),12.7
1971-01-01,1971,7,5,ALL RACES,[100 - 150K),8.1
1971-01-01,1971,8,5,ALL RACES,[150 - 200K),1.7
1971-01-01,1971,9,5,ALL RACES,>= 200K,1.1
1972-01-01,1972,1,5,ALL RACES,< 15K,13.4
1972-01-01,1972,2,5,ALL RACES,[15 - 25K),10.9
1972-01-01,1972,3,5,ALL RACES,[25 - 35K),10.4
1972-01-01,1972,4,5,ALL RACES,[35 - 50K),15.7
1972-01-01,1972,5,5,ALL RACES,[50 - 75K),23
1972-01-01,1972,6,5,ALL RACES,[75 - 100K),13.5
1972-01-01,1972,7,5,ALL RACES,[100 - 150K),9.4
1972-01-01,1972,8,5,ALL RACES,[150 - 200K),2.2
1972-01-01,1972,9,5,ALL RACES,>= 200K,1.4
1973-01-01,1973,1,5,ALL RACES,< 15K,12.9
1973-01-01,1973,2,5,ALL RACES,[15 - 25K),11.3
1973-01-01,1973,3,5,ALL RACES,[25 - 35K),10
1973-01-01,1973,4,5,ALL RACES,[35 - 50K),15.3
1973-01-01,1973,5,5,ALL RACES,[50 - 75K),22.6
1973-01-01,1973,6,5,ALL RACES,[75 - 100K),13.9
1973-01-01,1973,7,5,ALL RACES,[100 - 150K),10
1973-01-01,1973,8,5,ALL RACES,[150 - 200K),2.3
1973-01-01,1973,9,5,ALL RACES,>= 200K,1.6
1974-01-01,1974,1,5,ALL RACES,< 15K,13
1974-01-01,1974,2,5,ALL RACES,[15 - 25K),11.2
1974-01-01,1974,3,5,ALL RACES,[25 - 35K),10.6
1974-01-01,1974,4,5,ALL RACES,[35 - 50K),16.3
1974-01-01,1974,5,5,ALL RACES,[50 - 75K),22.6
1974-01-01,1974,6,5,ALL RACES,[75 - 100K),13.4
1974-01-01,1974,7,5,ALL RACES,[100 - 150K),9.4
1974-01-01,1974,8,5,ALL RACES,[150 - 200K),2.2
1974-01-01,1974,9,5,ALL RACES,>= 200K,1.3
1975-01-01,1975,1,5,ALL RACES,< 15K,13.6
1975-01-01,1975,2,5,ALL RACES,[15 - 25K),12.2
1975-01-01,1975,3,5,ALL RACES,[25 - 35K),11
1975-01-01,1975,4,5,ALL RACES,[35 - 50K),16
1975-01-01,1975,5,5,ALL RACES,[50 - 75K),22.2
1975-01-01,1975,6,5,ALL RACES,[75 - 100K),13
1975-01-01,1975,7,5,ALL RACES,[100 - 150K),8.9
1975-01-01,1975,8,5,ALL RACES,[150 - 200K),1.9
1975-01-01,1975,9,5,ALL RACES,>= 200K,1.2
1976-01-01,1976,1,5,ALL RACES,< 15K,13.1
1976-01-01,1976,2,5,ALL RACES,[15 - 25K),11.9
1976-01-01,1976,3,5,ALL RACES,[25 - 35K),11.1
1976-01-01,1976,4,5,ALL RACES,[35 - 50K),15.4
1976-01-01,1976,5,5,ALL RACES,[50 - 75K),22.2
1976-01-01,1976,6,5,ALL RACES,[75 - 100K),13.6
1976-01-01,1976,7,5,ALL RACES,[100 - 150K),9.3
1976-01-01,1976,8,5,ALL RACES,[150 - 200K),2.1
1976-01-01,1976,9,5,ALL RACES,>= 200K,1.3
1977-01-01,1977,1,5,ALL RACES,< 15K,13
1977-01-01,1977,2,5,ALL RACES,[15 - 25K),11.8
1977-01-01,1977,3,5,ALL RACES,[25 - 35K),10.9
1977-01-01,1977,4,5,ALL RACES,[35 - 50K),15.1
1977-01-01,1977,5,5,ALL RACES,[50 - 75K),21.9
1977-01-01,1977,6,5,ALL RACES,[75 - 100K),13.8
1977-01-01,1977,7,5,ALL RACES,[100 - 150K),9.7
1977-01-01,1977,8,5,ALL RACES,[150 - 200K),2.3
1977-01-01,1977,9,5,ALL RACES,>= 200K,1.5
1978-01-01,1978,1,5,ALL RACES,< 15K,12.7
1978-01-01,1978,2,5,ALL RACES,[15 - 25K),11.4
1978-01-01,1978,3,5,ALL RACES,[25 - 35K),10.8
1978-01-01,1978,4,5,ALL RACES,[35 - 50K),14.5
1978-01-01,1978,5,5,ALL RACES,[50 - 75K),22
1978-01-01,1978,6,5,ALL RACES,[75 - 100K),13.8
1978-01-01,1978,7,5,ALL RACES,[100 - 150K),10.7
1978-01-01,1978,8,5,ALL RACES,[150 - 200K),2.6
1978-01-01,1978,9,5,ALL RACES,>= 200K,1.6
1979-01-01,1979,1,5,ALL RACES,< 15K,12.8
1979-01-01,1979,2,5,ALL RACES,[15 - 25K),11.1
1979-01-01,1979,3,5,ALL RACES,[25 - 35K),10.7
1979-01-01,1979,4,5,ALL RACES,[35 - 50K),15
1979-01-01,1979,5,5,ALL RACES,[50 - 75K),21.2
1979-01-01,1979,6,5,ALL RACES,[75 - 100K),14.2
1979-01-01,1979,7,5,ALL RACES,[100 - 150K),10.5
1979-01-01,1979,8,5,ALL RACES,[150 - 200K),2.8
1979-01-01,1979,9,5,ALL RACES,>= 200K,1.7
1980-01-01,1980,1,5,ALL RACES,< 15K,13.4
1980-01-01,1980,2,5,ALL RACES,[15 - 25K),11.3
1980-01-01,1980,3,5,ALL RACES,[25 - 35K),11.1
1980-01-01,1980,4,5,ALL RACES,[35 - 50K),15.1
1980-01-01,1980,5,5,ALL RACES,[50 - 75K),21.5
1980-01-01,1980,6,5,ALL RACES,[75 - 100K),13.3
1980-01-01,1980,7,5,ALL RACES,[100 - 150K),10.3
1980-01-01,1980,8,5,ALL RACES,[150 - 200K),2.6
1980-01-01,1980,9,5,ALL RACES,>= 200K,1.4
1981-01-01,1981,1,5,ALL RACES,< 15K,13.5
1981-01-01,1981,2,5,ALL RACES,[15 - 25K),11.6
1981-01-01,1981,3,5,ALL RACES,[25 - 35K),11.7
1981-01-01,1981,4,5,ALL RACES,[35 - 50K),14.8
1981-01-01,1981,5,5,ALL RACES,[50 - 75K),21
1981-01-01,1981,6,5,ALL RACES,[75 - 100K),13.2
1981-01-01,1981,7,5,ALL RACES,[100 - 150K),10.3
1981-01-01,1981,8,5,ALL RACES,[150 - 200K),2.4
1981-01-01,1981,9,5,ALL RACES,>= 200K,1.5
1982-01-01,1982,1,5,ALL RACES,< 15K,14
1982-01-01,1982,2,5,ALL RACES,[15 - 25K),11.6
1982-01-01,1982,3,5,ALL RACES,[25 - 35K),11.2
1982-01-01,1982,4,5,ALL RACES,[35 - 50K),15.4
1982-01-01,1982,5,5,ALL RACES,[50 - 75K),20.8
1982-01-01,1982,6,5,ALL RACES,[75 - 100K),12.5
1982-01-01,1982,7,5,ALL RACES,[100 - 150K),10.2
1982-01-01,1982,8,5,ALL RACES,[150 - 200K),2.6
1982-01-01,1982,9,5,ALL RACES,>= 200K,1.7
1983-01-01,1983,1,5,ALL RACES,< 15K,13.8
1983-01-01,1983,2,5,ALL RACES,[15 - 25K),11.5
1983-01-01,1983,3,5,ALL RACES,[25 - 35K),11.4
1983-01-01,1983,4,5,ALL RACES,[35 - 50K),15.2
1983-01-01,1983,5,5,ALL RACES,[50 - 75K),20.3
1983-01-01,1983,6,5,ALL RACES,[75 - 100K),12.9
1983-01-01,1983,7,5,ALL RACES,[100 - 150K),10.2
1983-01-01,1983,8,5,ALL RACES,[150 - 200K),2.8
1983-01-01,1983,9,5,ALL RACES,>= 200K,1.8
1984-01-01,1984,1,5,ALL RACES,< 15K,13.2
1984-01-01,1984,2,5,ALL RACES,[15 - 25K),11.5
1984-01-01,1984,3,5,ALL RACES,[25 - 35K),10.9
1984-01-01,1984,4,5,ALL RACES,[35 - 50K),15
1984-01-01,1984,5,5,ALL RACES,[50 - 75K),20.3
1984-01-01,1984,6,5,ALL RACES,[75 - 100K),13
1984-01-01,1984,7,5,ALL RACES,[100 - 150K),11
1984-01-01,1984,8,5,ALL RACES,[150 - 200K),3.1
1984-01-01,1984,9,5,ALL RACES,>= 200K,2
1985-01-01,1985,1,5,ALL RACES,< 15K,13.3
1985-01-01,1985,2,5,ALL RACES,[15 - 25K),11
1985-01-01,1985,3,5,ALL RACES,[25 - 35K),10.8
1985-01-01,1985,4,5,ALL RACES,[35 - 50K),14.7
1985-01-01,1985,5,5,ALL RACES,[50 - 75K),20.3
1985-01-01,1985,6,5,ALL RACES,[75 - 100K),12.9
1985-01-01,1985,7,5,ALL RACES,[100 - 150K),11.7
1985-01-01,1985,8,5,ALL RACES,[150 - 200K),3.2
1985-01-01,1985,9,5,ALL RACES,>= 200K,2.2
1986-01-01,1986,1,5,ALL RACES,< 15K,13.1
1986-01-01,1986,2,5,ALL RACES,[15 - 25K),10.4
1986-01-01,1986,3,5,ALL RACES,[25 - 35K),10.7
1986-01-01,1986,4,5,ALL RACES,[35 - 50K),14.1
1986-01-01,1986,5,5,ALL RACES,[50 - 75K),20
1986-01-01,1986,6,5,ALL RACES,[75 - 100K),13.4
1986-01-01,1986,7,5,ALL RACES,[100 - 150K),12.1
1986-01-01,1986,8,5,ALL RACES,[150 - 200K),3.7
1986-01-01,1986,9,5,ALL RACES,>= 200K,2.5
1987-01-01,1987,1,5,ALL RACES,< 15K,12.8
1987-01-01,1987,2,5,ALL RACES,[15 - 25K),10.6
1987-01-01,1987,3,5,ALL RACES,[25 - 35K),10.2
1987-01-01,1987,4,5,ALL RACES,[35 - 50K),14.1
1987-01-01,1987,5,5,ALL RACES,[50 - 75K),19.9
1987-01-01,1987,6,5,ALL RACES,[75 - 100K),13.3
1987-01-01,1987,7,5,ALL RACES,[100 - 150K),12.7
1987-01-01,1987,8,5,ALL RACES,[150 - 200K),3.8
1987-01-01,1987,9,5,ALL RACES,>= 200K,2.7
1988-01-01,1988,1,5,ALL RACES,< 15K,12.6
1988-01-01,1988,2,5,ALL RACES,[15 - 25K),10.4
1988-01-01,1988,3,5,ALL RACES,[25 - 35K),10.1
1988-01-01,1988,4,5,ALL RACES,[35 - 50K),14.2
1988-01-01,1988,5,5,ALL RACES,[50 - 75K),19.6
1988-01-01,1988,6,5,ALL RACES,[75 - 100K),13.6
1988-01-01,1988,7,5,ALL RACES,[100 - 150K),12.6
1988-01-01,1988,8,5,ALL RACES,[150 - 200K),4
1988-01-01,1988,9,5,ALL RACES,>= 200K,2.9
1989-01-01,1989,1,5,ALL RACES,< 15K,11.9
1989-01-01,1989,2,5,ALL RACES,[15 - 25K),10.6
1989-01-01,1989,3,5,ALL RACES,[25 - 35K),9.9
1989-01-01,1989,4,5,ALL RACES,[35 - 50K),14.2
1989-01-01,1989,5,5,ALL RACES,[50 - 75K),19.6
1989-01-01,1989,6,5,ALL RACES,[75 - 100K),13.6
1989-01-01,1989,7,5,ALL RACES,[100 - 150K),12.8
1989-01-01,1989,8,5,ALL RACES,[150 - 200K),4.3
1989-01-01,1989,9,5,ALL RACES,>= 200K,3.1
1990-01-01,1990,1,5,ALL RACES,< 15K,12.2
1990-01-01,1990,2,5,ALL RACES,[15 - 25K),10.7
1990-01-01,1990,3,5,ALL RACES,[25 - 35K),9.9
1990-01-01,1990,4,5,ALL RACES,[35 - 50K),14.7
1990-01-01,1990,5,5,ALL RACES,[50 - 75K),19.9
1990-01-01,1990,6,5,ALL RACES,[75 - 100K),13.3
1990-01-01,1990,7,5,ALL RACES,[100 - 150K),12.4
1990-01-01,1990,8,5,ALL RACES,[150 - 200K),4
1990-01-01,1990,9,5,ALL RACES,>= 200K,3
1991-01-01,1991,1,5,ALL RACES,< 15K,12.6
1991-01-01,1991,2,5,ALL RACES,[15 - 25K),11
1991-01-01,1991,3,5,ALL RACES,[25 - 35K),10.4
1991-01-01,1991,4,5,ALL RACES,[35 - 50K),14.6
1991-01-01,1991,5,5,ALL RACES,[50 - 75K),19.4
1991-01-01,1991,6,5,ALL RACES,[75 - 100K),13
1991-01-01,1991,7,5,ALL RACES,[100 - 150K),12.3
1991-01-01,1991,8,5,ALL RACES,[150 - 200K),4
1991-01-01,1991,9,5,ALL RACES,>= 200K,2.7
1992-01-01,1992,1,5,ALL RACES,< 15K,12.8
1992-01-01,1992,2,5,ALL RACES,[15 - 25K),11.3
1992-01-01,1992,3,5,ALL RACES,[25 - 35K),10.7
1992-01-01,1992,4,5,ALL RACES,[35 - 50K),14
1992-01-01,1992,5,5,ALL RACES,[50 - 75K),19.1
1992-01-01,1992,6,5,ALL RACES,[75 - 100K),13.2
1992-01-01,1992,7,5,ALL RACES,[100 - 150K),12.1
1992-01-01,1992,8,5,ALL RACES,[150 - 200K),3.9
1992-01-01,1992,9,5,ALL RACES,>= 200K,2.8
1993-01-01,1993,1,5,ALL RACES,< 15K,12.9
1993-01-01,1993,2,5,ALL RACES,[15 - 25K),11.4
1993-01-01,1993,3,5,ALL RACES,[25 - 35K),10.5
1993-01-01,1993,4,5,ALL RACES,[35 - 50K),14.6
1993-01-01,1993,5,5,ALL RACES,[50 - 75K),18.4
1993-01-01,1993,6,5,ALL RACES,[75 - 100K),12.8
1993-01-01,1993,7,5,ALL RACES,[100 - 150K),12.1
1993-01-01,1993,8,5,ALL RACES,[150 - 200K),4.1
1993-01-01,1993,9,5,ALL RACES,>= 200K,3.2
1994-01-01,1994,1,5,ALL RACES,< 15K,12.5
1994-01-01,1994,2,5,ALL RACES,[15 - 25K),11.5
1994-01-01,1994,3,5,ALL RACES,[25 - 35K),10.4
1994-01-01,1994,4,5,ALL RACES,[35 - 50K),14.2
1994-01-01,1994,5,5,ALL RACES,[50 - 75K),18.5
1994-01-01,1994,6,5,ALL RACES,[75 - 100K),12.6
1994-01-01,1994,7,5,ALL RACES,[100 - 150K),12.5
1994-01-01,1994,8,5,ALL RACES,[150 - 200K),4.3
1994-01-01,1994,9,5,ALL RACES,>= 200K,3.6
1995-01-01,1995,1,5,ALL RACES,< 15K,11.6
1995-01-01,1995,2,5,ALL RACES,[15 - 25K),11.3
1995-01-01,1995,3,5,ALL RACES,[25 - 35K),10.5
1995-01-01,1995,4,5,ALL RACES,[35 - 50K),13.9
1995-01-01,1995,5,5,ALL RACES,[50 - 75K),18.9
1995-01-01,1995,6,5,ALL RACES,[75 - 100K),13
1995-01-01,1995,7,5,ALL RACES,[100 - 150K),12.9
1995-01-01,1995,8,5,ALL RACES,[150 - 200K),4.3
1995-01-01,1995,9,5,ALL RACES,>= 200K,3.6
1996-01-01,1996,1,5,ALL RACES,< 15K,11.6
1996-01-01,1996,2,5,ALL RACES,[15 - 25K),11.2
1996-01-01,1996,3,5,ALL RACES,[25 - 35K),9.9
1996-01-01,1996,4,5,ALL RACES,[35 - 50K),14.2
1996-01-01,1996,5,5,ALL RACES,[50 - 75K),18.2
1996-01-01,1996,6,5,ALL RACES,[75 - 100K),13.4
1996-01-01,1996,7,5,ALL RACES,[100 - 150K),12.9
1996-01-01,1996,8,5,ALL RACES,[150 - 200K),4.8
1996-01-01,1996,9,5,ALL RACES,>= 200K,3.7
1997-01-01,1997,1,5,ALL RACES,< 15K,11.4
1997-01-01,1997,2,5,ALL RACES,[15 - 25K),10.6
1997-01-01,1997,3,5,ALL RACES,[25 - 35K),10.1
1997-01-01,1997,4,5,ALL RACES,[35 - 50K),13.6
1997-01-01,1997,5,5,ALL RACES,[50 - 75K),18.6
1997-01-01,1997,6,5,ALL RACES,[75 - 100K),13.1
1997-01-01,1997,7,5,ALL RACES,[100 - 150K),13.5
1997-01-01,1997,8,5,ALL RACES,[150 - 200K),5
1997-01-01,1997,9,5,ALL RACES,>= 200K,4.2
1998-01-01,1998,1,5,ALL RACES,< 15K,10.8
1998-01-01,1998,2,5,ALL RACES,[15 - 25K),10.2
1998-01-01,1998,3,5,ALL RACES,[25 - 35K),9.5
1998-01-01,1998,4,5,ALL RACES,[35 - 50K),13.6
1998-01-01,1998,5,5,ALL RACES,[50 - 75K),18.6
1998-01-01,1998,6,5,ALL RACES,[75 - 100K),13.1
1998-01-01,1998,7,5,ALL RACES,[100 - 150K),14.4
1998-01-01,1998,8,5,ALL RACES,[150 - 200K),5.2
1998-01-01,1998,9,5,ALL RACES,>= 200K,4.6
1999-01-01,1999,1,5,ALL RACES,< 15K,10.1
1999-01-01,1999,2,5,ALL RACES,[15 - 25K),10.1
1999-01-01,1999,3,5,ALL RACES,[25 - 35K),9.7
1999-01-01,1999,4,5,ALL RACES,[35 - 50K),13.2
1999-01-01,1999,5,5,ALL RACES,[50 - 75K),18.3
1999-01-01,1999,6,5,ALL RACES,[75 - 100K),13
1999-01-01,1999,7,5,ALL RACES,[100 - 150K),14.6
1999-01-01,1999,8,5,ALL RACES,[150 - 200K),5.6
1999-01-01,1999,9,5,ALL RACES,>= 200K,5.3
2000-01-01,2e3,1,5,ALL RACES,< 15K,10.2
2000-01-01,2e3,2,5,ALL RACES,[15 - 25K),9.8
2000-01-01,2e3,3,5,ALL RACES,[25 - 35K),9.9
2000-01-01,2e3,4,5,ALL RACES,[35 - 50K),13.2
2000-01-01,2e3,5,5,ALL RACES,[50 - 75K),18.1
2000-01-01,2e3,6,5,ALL RACES,[75 - 100K),13.1
2000-01-01,2e3,7,5,ALL RACES,[100 - 150K),14.6
2000-01-01,2e3,8,5,ALL RACES,[150 - 200K),5.8
2000-01-01,2e3,9,5,ALL RACES,>= 200K,5.2
2001-01-01,2001,1,5,ALL RACES,< 15K,10.6
2001-01-01,2001,2,5,ALL RACES,[15 - 25K),10.3
2001-01-01,2001,3,5,ALL RACES,[25 - 35K),9.7
2001-01-01,2001,4,5,ALL RACES,[35 - 50K),13.6
2001-01-01,2001,5,5,ALL RACES,[50 - 75K),17.8
2001-01-01,2001,6,5,ALL RACES,[75 - 100K),12.7
2001-01-01,2001,7,5,ALL RACES,[100 - 150K),14.6
2001-01-01,2001,8,5,ALL RACES,[150 - 200K),5.4
2001-01-01,2001,9,5,ALL RACES,>= 200K,5.3
2002-01-01,2002,1,5,ALL RACES,< 15K,10.9
2002-01-01,2002,2,5,ALL RACES,[15 - 25K),10.3
2002-01-01,2002,3,5,ALL RACES,[25 - 35K),10.2
2002-01-01,2002,4,5,ALL RACES,[35 - 50K),13.3
2002-01-01,2002,5,5,ALL RACES,[50 - 75K),17.7
2002-01-01,2002,6,5,ALL RACES,[75 - 100K),12.5
2002-01-01,2002,7,5,ALL RACES,[100 - 150K),14.8
2002-01-01,2002,8,5,ALL RACES,[150 - 200K),5.3
2002-01-01,2002,9,5,ALL RACES,>= 200K,5
2003-01-01,2003,1,5,ALL RACES,< 15K,11.2
2003-01-01,2003,2,5,ALL RACES,[15 - 25K),10.5
2003-01-01,2003,3,5,ALL RACES,[25 - 35K),9.8
2003-01-01,2003,4,5,ALL RACES,[35 - 50K),13.4
2003-01-01,2003,5,5,ALL RACES,[50 - 75K),17.6
2003-01-01,2003,6,5,ALL RACES,[75 - 100K),12.7
2003-01-01,2003,7,5,ALL RACES,[100 - 150K),14.2
2003-01-01,2003,8,5,ALL RACES,[150 - 200K),5.6
2003-01-01,2003,9,5,ALL RACES,>= 200K,5.1
2004-01-01,2004,1,5,ALL RACES,< 15K,11.1
2004-01-01,2004,2,5,ALL RACES,[15 - 25K),10.3
2004-01-01,2004,3,5,ALL RACES,[25 - 35K),10.4
2004-01-01,2004,4,5,ALL RACES,[35 - 50K),13.2
2004-01-01,2004,5,5,ALL RACES,[50 - 75K),17.6
2004-01-01,2004,6,5,ALL RACES,[75 - 100K),12.8
2004-01-01,2004,7,5,ALL RACES,[100 - 150K),13.9
2004-01-01,2004,8,5,ALL RACES,[150 - 200K),5.6
2004-01-01,2004,9,5,ALL RACES,>= 200K,5
2005-01-01,2005,1,5,ALL RACES,< 15K,11.2
2005-01-01,2005,2,5,ALL RACES,[15 - 25K),10.6
2005-01-01,2005,3,5,ALL RACES,[25 - 35K),9.6
2005-01-01,2005,4,5,ALL RACES,[35 - 50K),13.5
2005-01-01,2005,5,5,ALL RACES,[50 - 75K),17.9
2005-01-01,2005,6,5,ALL RACES,[75 - 100K),12.6
2005-01-01,2005,7,5,ALL RACES,[100 - 150K),13.8
2005-01-01,2005,8,5,ALL RACES,[150 - 200K),5.6
2005-01-01,2005,9,5,ALL RACES,>= 200K,5.2
2006-01-01,2006,1,5,ALL RACES,< 15K,10.8
2006-01-01,2006,2,5,ALL RACES,[15 - 25K),10.2
2006-01-01,2006,3,5,ALL RACES,[25 - 35K),9.5
2006-01-01,2006,4,5,ALL RACES,[35 - 50K),14.1
2006-01-01,2006,5,5,ALL RACES,[50 - 75K),17.6
2006-01-01,2006,6,5,ALL RACES,[75 - 100K),12.4
2006-01-01,2006,7,5,ALL RACES,[100 - 150K),14.1
2006-01-01,2006,8,5,ALL RACES,[150 - 200K),5.8
2006-01-01,2006,9,5,ALL RACES,>= 200K,5.4
2007-01-01,2007,1,5,ALL RACES,< 15K,10.8
2007-01-01,2007,2,5,ALL RACES,[15 - 25K),10.6
2007-01-01,2007,3,5,ALL RACES,[25 - 35K),10.1
2007-01-01,2007,4,5,ALL RACES,[35 - 50K),12.8
2007-01-01,2007,5,5,ALL RACES,[50 - 75K),17.4
2007-01-01,2007,6,5,ALL RACES,[75 - 100K),12.7
2007-01-01,2007,7,5,ALL RACES,[100 - 150K),14.4
2007-01-01,2007,8,5,ALL RACES,[150 - 200K),5.9
2007-01-01,2007,9,5,ALL RACES,>= 200K,5.4
2008-01-01,2008,1,5,ALL RACES,< 15K,11.5
2008-01-01,2008,2,5,ALL RACES,[15 - 25K),10.6
2008-01-01,2008,3,5,ALL RACES,[25 - 35K),10.3
2008-01-01,2008,4,5,ALL RACES,[35 - 50K),13.1
2008-01-01,2008,5,5,ALL RACES,[50 - 75K),17.6
2008-01-01,2008,6,5,ALL RACES,[75 - 100K),12.3
2008-01-01,2008,7,5,ALL RACES,[100 - 150K),14
2008-01-01,2008,8,5,ALL RACES,[150 - 200K),5.6
2008-01-01,2008,9,5,ALL RACES,>= 200K,5.1
2009-01-01,2009,1,5,ALL RACES,< 15K,11.4
2009-01-01,2009,2,5,ALL RACES,[15 - 25K),10.6
2009-01-01,2009,3,5,ALL RACES,[25 - 35K),10.5
2009-01-01,2009,4,5,ALL RACES,[35 - 50K),13.2
2009-01-01,2009,5,5,ALL RACES,[50 - 75K),17.9
2009-01-01,2009,6,5,ALL RACES,[75 - 100K),12
2009-01-01,2009,7,5,ALL RACES,[100 - 150K),13.7
2009-01-01,2009,8,5,ALL RACES,[150 - 200K),5.5
2009-01-01,2009,9,5,ALL RACES,>= 200K,5.1
2010-01-01,2010,1,5,ALL RACES,< 15K,12.3
2010-01-01,2010,2,5,ALL RACES,[15 - 25K),11.2
2010-01-01,2010,3,5,ALL RACES,[25 - 35K),10.3
2010-01-01,2010,4,5,ALL RACES,[35 - 50K),13.4
2010-01-01,2010,5,5,ALL RACES,[50 - 75K),17.1
2010-01-01,2010,6,5,ALL RACES,[75 - 100K),12.1
2010-01-01,2010,7,5,ALL RACES,[100 - 150K),13.2
2010-01-01,2010,8,5,ALL RACES,[150 - 200K),5.5
2010-01-01,2010,9,5,ALL RACES,>= 200K,4.9
2011-01-01,2011,1,5,ALL RACES,< 15K,12.6
2011-01-01,2011,2,5,ALL RACES,[15 - 25K),10.9
2011-01-01,2011,3,5,ALL RACES,[25 - 35K),10.6
2011-01-01,2011,4,5,ALL RACES,[35 - 50K),13.6
2011-01-01,2011,5,5,ALL RACES,[50 - 75K),17.5
2011-01-01,2011,6,5,ALL RACES,[75 - 100K),11.6
2011-01-01,2011,7,5,ALL RACES,[100 - 150K),12.8
2011-01-01,2011,8,5,ALL RACES,[150 - 200K),5.5
2011-01-01,2011,9,5,ALL RACES,>= 200K,4.9
2012-01-01,2012,1,5,ALL RACES,< 15K,12.3
2012-01-01,2012,2,5,ALL RACES,[15 - 25K),11.1
2012-01-01,2012,3,5,ALL RACES,[25 - 35K),10.7
2012-01-01,2012,4,5,ALL RACES,[35 - 50K),13.1
2012-01-01,2012,5,5,ALL RACES,[50 - 75K),17.6
2012-01-01,2012,6,5,ALL RACES,[75 - 100K),11.9
2012-01-01,2012,7,5,ALL RACES,[100 - 150K),12.9
2012-01-01,2012,8,5,ALL RACES,[150 - 200K),5.4
2012-01-01,2012,9,5,ALL RACES,>= 200K,5
2013-01-01,2013,1,5,ALL RACES,< 15K,12.4
2013-01-01,2013,2,5,ALL RACES,[15 - 25K),11.1
2013-01-01,2013,3,5,ALL RACES,[25 - 35K),9.5
2013-01-01,2013,4,5,ALL RACES,[35 - 50K),13
2013-01-01,2013,5,5,ALL RACES,[50 - 75K),17.1
2013-01-01,2013,6,5,ALL RACES,[75 - 100K),12
2013-01-01,2013,7,5,ALL RACES,[100 - 150K),12.9
2013-01-01,2013,8,5,ALL RACES,[150 - 200K),6.1
2013-01-01,2013,9,5,ALL RACES,>= 200K,5.8
2014-01-01,2014,1,5,ALL RACES,< 15K,12.4
2014-01-01,2014,2,5,ALL RACES,[15 - 25K),10.9
2014-01-01,2014,3,5,ALL RACES,[25 - 35K),10
2014-01-01,2014,4,5,ALL RACES,[35 - 50K),13.1
2014-01-01,2014,5,5,ALL RACES,[50 - 75K),16.9
2014-01-01,2014,6,5,ALL RACES,[75 - 100K),11.6
2014-01-01,2014,7,5,ALL RACES,[100 - 150K),13.5
2014-01-01,2014,8,5,ALL RACES,[150 - 200K),5.8
2014-01-01,2014,9,5,ALL RACES,>= 200K,5.8
2015-01-01,2015,1,5,ALL RACES,< 15K,11.5
2015-01-01,2015,2,5,ALL RACES,[15 - 25K),10.5
2015-01-01,2015,3,5,ALL RACES,[25 - 35K),9.9
2015-01-01,2015,4,5,ALL RACES,[35 - 50K),12.6
2015-01-01,2015,5,5,ALL RACES,[50 - 75K),16.6
2015-01-01,2015,6,5,ALL RACES,[75 - 100K),12.1
2015-01-01,2015,7,5,ALL RACES,[100 - 150K),14.3
2015-01-01,2015,8,5,ALL RACES,[150 - 200K),6.3
2015-01-01,2015,9,5,ALL RACES,>= 200K,6.2
2016-01-01,2016,1,5,ALL RACES,< 15K,11.2
2016-01-01,2016,2,5,ALL RACES,[15 - 25K),9.6
2016-01-01,2016,3,5,ALL RACES,[25 - 35K),9.4
2016-01-01,2016,4,5,ALL RACES,[35 - 50K),12.9
2016-01-01,2016,5,5,ALL RACES,[50 - 75K),17
2016-01-01,2016,6,5,ALL RACES,[75 - 100K),12.3
2016-01-01,2016,7,5,ALL RACES,[100 - 150K),14.1
2016-01-01,2016,8,5,ALL RACES,[150 - 200K),6.6
2016-01-01,2016,9,5,ALL RACES,>= 200K,7
